time,RFCC_Acc_Y,LFCC_Acc_Y
0.0,-0.06678862531436791,-0.001954037400148101
0.005,-0.13115195246764255,-0.0066485766280849345
0.01,-0.2554992133271483,-0.01865068828306171
0.015,-0.37070246089725334,-0.03294506876208014
0.02,-0.4747964934495923,-0.04646878984759795
0.025,-0.5649186571397009,-0.05897043395224344
0.03,-0.6388506945399719,-0.07021669333142644
0.035,-0.6950915575843375,-0.08000235560099433
0.04,-0.7328784676294835,-0.0881613647390368
0.045,-0.7521629699133392,-0.09457654292068796
0.05,-0.7535523244802445,-0.09918600871117167
0.055,-0.738226474213111,-0.10198531283811546
0.06,-0.70783934428853,-0.10302526574670351
0.065,-0.6644115958420731,-0.10240611730454308
0.07,-0.6102206917652178,-0.10026913320646541
0.075,-0.547693214688572,-0.0967867745682583
0.08,-0.47930348038049925,-0.0921527156305667
0.085,-0.4074815477145056,-0.08657274332222192
0.09,-0.33453295216068235,-0.08025704621035254
0.095,-0.26257188357945416,-0.07341371061375662
0.1,-0.1934688526540107,-0.06624287584364731
0.105,-0.12881306604777276,-0.05893121739606325
0.11,-0.06988894652475419,-0.05164692625969631
0.115,-0.017665709117497985,-0.04453559704842293
0.12,0.02720132729518976,-0.03771727151642426
0.125,0.064359084445753,-0.03128464995327815
0.13,0.09373613544569886,-0.02530251522503411
0.135,0.11551457609808569,-0.019808616818117727
0.14,0.13009574904177007,-0.014816289991648211
0.145,0.13806132892697526,-0.010318794143282538
0.15,0.14013152504284132,-0.006294910451476454
0.155,0.13712239707146512,-0.0027149756014921284
0.16,0.1299043259818332,0.0004536068403115934
0.165,0.11936347854093467,0.003242184286955649
0.17,0.10636775715497943,0.005678427138633438
0.175,0.09173834638045464,0.007785597300324923
0.18,0.07622753860845315,0.009583004274382738
0.185,0.06050300265632021,0.011086929324921599
0.19,0.04513810724247054,0.012311531483755182
0.195,0.03060745644285487,0.013269750207411939
0.2,0.017286572621610957,0.013974450213360988
0.205,0.005454733260679162,0.014439760568540936
0.21,-0.00469978868200549,0.014682147264855047
0.215,-0.013072634769883962,0.014720771792831032
0.22,-0.019634911121713117,0.014577118200298488
0.225,-0.024423836114095793,0.01427424066489101
0.23,-0.02753283033420932,0.013835976982434798
0.235,-0.029101229471839657,0.013286212392138477
0.24,-0.029303734009955548,0.012648089267131003
0.245,-0.028339807459021288,0.011943128978009192
0.25,-0.026423371541195423,0.01119040994299602
0.255,-0.023773164098539447,0.010405922485379183
0.26,-0.020604017981407076,0.009601998337949155
0.265,-0.0171191945455451,0.00878663147729774
0.27,-0.013503849315865672,0.007962733000077542
0.275,-0.009919731506480279,0.007127660934091999
0.28,-0.0065012980095424736,0.006273447126936588
0.285,-0.0033534956514369788,0.005387983765237109
0.29,-0.000551401254300643,0.004457193600204683
0.295,0.001858363702877952,0.0034679770677392696
0.3,0.0038548306366958905,0.002411481681008354
0.305,0.005438950958369652,0.001286057863625345
0.31,0.006629233887212035,9.932842939264219e-05
0.315,0.0074569353792686074,-0.001130930235593297
0.32,0.007961050868665602,-0.002377151723598203
0.325,0.008183529607608257,-0.0036034875268153854
0.33,0.00816522312669931,-0.004768171159463812
0.335,0.007943030711965442,-0.005826288231913772
0.34,0.007548491303355255,-0.0067325994397738065
0.345,0.0070077264434420805,-0.007444396409050959
0.35,0.0063422867384144085,-0.007924581678420133
0.355,0.005570273224231315,-0.008145037920570523
0.36,0.004707219402044771,-0.008090035397012585
0.365,0.003766549429506938,-0.00775913228117097
0.37,0.0027597033131154802,-0.007168850451666476
0.375,0.0016960862176507163,-0.006352462029424185
0.38,0.0005829944276669607,-0.005357586613907724
0.385,-0.0005742309209022523,-0.004241877514932206
0.39,-0.0017714612691399623,-0.0030675725821271947
0.395,-0.0030042239735461607,-0.001895858186218291
0.4,-0.0042655365719568294,-0.0007818688047667166
0.405,-0.005543760423698557,0.00022910418620015333
0.41,-0.0068211775800630925,0.0011038944150332242
0.415,-0.00807369149522507,0.0018222012327484514
0.42,-0.009271619744577457,0.002375976529567222
0.425,-0.010381255712399437,0.0027678164054911747
0.43,-0.011366826932945877,0.003008894015410487
0.435,-0.012192570612690183,0.0031170998463281273
0.44,-0.01282473947332717,0.00311591080888185
0.445,-0.01323342814676386,0.0030339582643534833
0.45,-0.013394214947437522,0.002904611088672123
0.455,-0.013289707641916936,0.0027646941954007076
0.46,-0.012911085725475491,0.002651910224171772
0.465,-0.012259610880560653,0.002601220090214816
0.47,-0.011347859313115606,0.0026408829215007826
0.475,-0.01020024390085971,0.002788914611162596
0.48,-0.00885244204011925,0.003050506152346699
0.485,-0.007349692720870486,0.003416656794730244
0.49,-0.0057443540370183364,0.0038641409686679326
0.495,-0.004093282242978443,0.004356929755155996
0.5,-0.0024553945829452993,0.004849065997536428
0.505,-0.000889457379438241,0.005288655272028819
0.51,0.0005479759334292567,0.005622333458177302
0.515,0.0018044467629874106,0.005799550871277141
0.52,0.0028332011086096252,0.005776266400348
0.525,0.003594544239859939,0.005517974392077456
0.53,0.004057022554837527,0.00500213504905922
0.535,0.004198318468517922,0.004219957676943054
0.54,0.004005481721502942,0.003177308073887275
0.545,0.003474223347321722,0.001894524104262274
0.55,0.0026075335374020608,0.0004050948932299292
0.555,0.001414407590383247,-0.0012466833731572535
0.56,-9.045670714691312e-05,-0.0030088162858099565
0.5650000000000001,-0.0018855118457672387,-0.004825007273634441
0.5700000000000001,-0.003939889960680171,-0.006637705665335496
0.5750000000000001,-0.006210298149866934,-0.008390311522399434
0.58,-0.00863827307440174,-0.0100284530397233
0.585,-0.011148709098263147,-0.011500645556550268
0.59,-0.013650176806700987,-0.012758780335087032
0.595,-0.016037099763099846,-0.013758772854233204
0.6,-0.018193630253637835,-0.014461498497642097
0.605,-0.019999046354834946,-0.01483402717776804
0.61,-0.021334403687456295,-0.014851133460247454
0.615,-0.022089896784294155,-0.014496979832445675
0.62,-0.02217217964268768,-0.013766734425191262
0.625,-0.021511014303410278,-0.012667834336932405
0.63,-0.02006488668735426,-0.01122071019867831
0.635,-0.01782531071836678,-0.009458925312788573
0.64,-0.014819448010783276,-0.007428721392921382
0.645,-0.011110687867699198,-0.00518791673220775
0.65,-0.00679703273727128,-0.002804068987538596
0.655,-0.002007334707876396,-0.0003518586146888901
0.66,0.0031044246115552454,0.0020902292044766534
0.665,0.008366400391190965,0.004443682248078666
0.67,0.013597029181777742,0.0066337871023947025
0.675,0.01861332354224919,0.00859298376472139
0.68,0.023238807407910372,0.010263305743407603
0.685,0.027310873788088927,0.011597758284720417
0.6900000000000001,0.03068752208212898,0.01256083537817253
0.6950000000000001,0.033253528822996224,0.013128579708876476
0.7000000000000001,0.03492614092284222,0.013288599706884474
0.705,0.03566012603162286,0.013040292482458107
0.71,0.0354513320637739,0.012395223555961
0.715,0.034337324801159114,0.011377334768791762
0.72,0.03239408874344815,0.010022564933453982
0.725,0.029729199849981548,0.008377599812403595
0.73,0.026473063749810042,0.00649771434706458
0.735,0.022769775042785746,0.0044439177396604565
0.74,0.01876836500751542,0.0022798037592863807
0.745,0.014614689065650652,6.862676578123228e-05
0.75,0.010444223674044295,-0.0021288807919628283
0.755,0.006376225206139452,-0.0042556371946389435
0.76,0.002509772203307392,-0.006258364941302823
0.765,-0.0010779010913175568,-0.008087274343138155
0.77,-0.004330702616917037,-0.009696015078963775
0.775,-0.007211036267884552,-0.011042479114786723
0.78,-0.00969608293304168,-0.012090528468888796
0.785,-0.011774007483689161,-0.012812179456211926
0.79,-0.013440868019110035,-0.01318958268319291
0.795,-0.01469864558796273,-0.013216391190118405
0.8,-0.015554474762513579,-0.012898519688242505
0.805,-0.016020816503292665,-0.012254464950789402
0.81,-0.016116008137201366,-0.011315183259918971
0.8150000000000001,-0.01586454918078849,-0.010123314418253307
0.8200000000000001,-0.015296758266769558,-0.008731610741996569
0.8250000000000001,-0.01444787171447358,-0.007200659921302581
0.8300000000000001,-0.013356860223368138,-0.00559606262164895
0.835,-0.012065066403321861,-0.003985139504880719
0.84,-0.010614523767982212,-0.0024332742985855305
0.845,-0.009045893877246405,-0.0010002076911153068
0.85,-0.007396312266116914,0.0002632615292874618
0.855,-0.005697698876394593,0.00131780692136374
0.86,-0.003976020996354631,0.002137205683094834
0.865,-0.002251660021901355,0.002709082955165698
0.87,-0.0005406929620477285,0.003034738703222569
0.875,0.0011432266373123633,0.003127933052304851
0.88,0.002786669179632991,0.0030125754233001345
0.885,0.004374193192813177,0.002719536793405194
0.89,0.005886425633638831,0.0022831130819689315
0.895,0.007298845175141006,0.0017378040529258953
0.9,0.008581616417790976,0.0011159589272669024
0.905,0.009700711780169504,0.0004465647596152422
0.91,0.010620342281697493,-0.0002448483809924795
0.915,0.011306429400281806,-0.0009354697944274903
0.92,0.011730607436444263,-0.0016040984414100734
0.925,0.011874120438903889,-0.0022301653684664267
0.93,0.01173093469533092,-0.0027932655989992804
0.935,0.011309411997118102,-0.0032732855982154224
0.94,0.010632078206596174,-0.0036508984299299663
0.945,0.009733436079972783,-0.00390811761010745
0.95,0.008656243837812376,-0.004028811960887779
0.955,0.007446954045509095,-0.003999298512402653
0.96,0.006151033763313045,-0.003809089304551698
0.965,0.004808829080049641,-0.0034516905882853166
0.97,0.0034525844400778993,-0.002925316984114801
0.975,0.0021050780372178224,-0.0022335425687192156
0.98,0.0007800043671402079,-0.001386081666643335
0.985,-0.0005161654942575922,-0.0003998679855676812
0.99,-0.0017814098705493109,0.0006996757971222678
0.995,-0.0030151567493419407,0.0018776515324780974
1.0,-0.00421570242465924,0.003089626209140703
1.005,-0.00537848425308237,0.004282950926537382
1.01,-0.0064953477694640535,0.005399462169553025
1.015,-0.007554705040790886,0.006379198879491427
1.02,-0.008542331313288201,0.007164727568298449
1.025,-0.00944243441720613,0.007705817847725158
1.03,-0.010238597535172651,0.00796419549109472
1.035,-0.010914368672887396,0.00791785591305327
1.04,-0.011453589773635644,0.007564232985357558
1.045,-0.011840737941071194,0.006921580505681046
1.05,-0.012061428772902607,0.006028172175476214
1.055,-0.012102990130413705,0.004939273088355754
1.06,-0.011954937877245424,0.00372226965108521
1.065,-0.011609329620698716,0.0024507714082133963
1.07,-0.011061159709768705,0.0011986790501516682
1.075,-0.010309001746833257,3.4983422292380684e-05
1.08,-0.009355981768965873,-0.000980408132456054
1.085,-0.008210967162503042,-0.0017998357805470815
1.09,-0.006889645826024762,-0.002390075579850056
1.095,-0.0054150508474127,-0.0027335512146286975
1.1,-0.0038172533464830433,-0.0028286450738601553
1.105,-0.002132349241756905,-0.0026892102856113124
1.11,-0.0004010821751609592,-0.0023432641783393982
1.115,0.0013327292849307365,-0.0018307352857682806
1.12,0.0030239903944906665,-0.0012001463176147652
1.125,0.0046282604352577625,-0.0005042367051899636
1.13,0.006103477473517992,0.0002051792110879646
1.135,0.007411169835203093,0.0008823943448810351
1.14,0.00851716074836692,0.0014920371125270865
1.145,0.009392079327552604,0.0020114674422977517
1.15,0.01001207274446967,0.002430897697980317
1.155,0.010359944615201394,0.002751413541002283
1.16,0.010426612231162471,0.0029817149770572306
1.165,0.010212467937797936,0.0031347121480784774
1.17,0.009728161784705596,0.00322482755237274
1.175,0.008994549900442877,0.0032662794194226992
1.18,0.008041918127554854,0.003272290509093165
1.185,0.006908840184882659,0.0032551203611230727
1.19,0.0056409645581290396,0.0032266866988539507
1.195,0.004289675310298304,0.0031992689887960744
1.2,0.002910254630172946,0.0031857154760395164
1.205,0.001559197308287321,0.003198837401496844
1.21,0.0002906843008521308,0.0032500366107246458
1.215,-0.0008473121580365936,0.003347510054041436
1.22,-0.0018164852805923927,0.003494609730081413
1.225,-0.0025904091800477286,0.0036889881875890058
1.23,-0.003155099910623335,0.003922884327112179
1.235,-0.00350803060169547,0.004184466576484525
1.24,-0.0036560338898983177,0.004459844863591293
1.245,-0.003612615243486765,0.004735251356624559
1.25,-0.0033952231263790385,0.004998894822883064
1.255,-0.0030230036284884052,0.005242090584545157
1.26,-0.0025154086734424513,0.005459418991682341
1.265,-0.0018917561801501514,0.00564783230259102
1.27,-0.0011716184364462916,0.0058048718482250905
1.275,-0.00037582708838359083,0.0059264547085380245
1.28,0.00047213792200297665,0.006004839887951967
1.285,0.0013446545108042121,0.006027309505141076
1.29,0.002208706238038278,0.00597594949187652
1.295,0.003025260741518189,0.005828722936218611
1.3,0.00374968186953596,0.005561701376999288
1.305,0.004333541036860551,0.0051519792382048735
1.31,0.0047279943411027165,0.0045807137582620575
1.315,0.004888456585350191,0.003835915625982636
1.32,0.004779790898101755,0.002914803662656923
1.325,0.004380992229435783,0.0018255361529995462
1.33,0.003688540248258907,0.0005879869075186839
1.335,0.00271799095137306,-0.0007668323481979239
1.34,0.001503655424217567,-0.002198869291358846
1.345,9.639968987510197e-05,-0.0036623138207403025
1.35,-0.0014401254266882893,-0.005109318241602906
1.355,-0.003034191498896239,-0.006493409675467604
1.36,-0.0046108646337473,-0.007772189212573742
1.365,-0.006096453307291545,-0.00890924396585998
1.37,-0.007422346589702776,-0.009875359717348445
1.375,-0.008528383391537457,-0.010649178809929667
1.38,-0.009365864212451643,-0.011217416106923377
1.385,-0.009900002452267742,-0.0115746015207474
1.39,-0.01011141090021538,-0.011722190531715516
1.395,-0.009996359242325765,-0.011666951298794347
1.4,-0.00956580401094698,-0.011418792823247868
1.405,-0.008843317961071379,-0.010988482144025348
1.41,-0.007862116805545957,-0.010385854960714987
1.415,-0.006661586370082483,-0.009619070439281757
1.42,-0.005283942882750053,-0.008695197662289558
1.425,-0.003771653614670318,-0.007622056069678218
1.43,-0.0021659772988514084,-0.006410914667887036
1.435,-0.000506636668529091,-0.005079415405706521
1.44,0.001167648691513496,-0.003653881169851686
1.445,0.0028181987291820212,-0.0021701493041259186
1.45,0.004405400726215054,-0.0006724921163492673
1.455,0.005888022419942046,0.0007890989994319454
1.46,0.007222995629918539,0.002162521594684077
1.465,0.00836585562886684,0.0033973505044304873
1.47,0.00927204220775299,0.004448327883110868
1.475,0.009899158397619347,0.0052782053802769135
1.48,0.010210058114568085,0.005859676226593873
1.485,0.010176447798126972,0.006176313642969331
1.49,0.009782563812210657,0.006222623474316786
1.495,0.009028316474823909,0.006003409160149063
1.5,0.007931145970419166,0.0055326602056650145
1.505,0.006526011118879214,0.004832157863488021
1.51,0.004863504179697345,0.003929962887516654
1.515,0.003006670897098867,0.0028589808502843764
1.52,0.001027298677636023,0.001655884032469827
1.525,-0.0009977756211920312,0.000360603446658587
1.53,-0.0029901186031633803,-0.0009837163518877931
1.535,-0.004872959802382181,-0.0023307442329922566
1.54,-0.006574400721826051,-0.00363145886379537
1.545,-0.008030564516436873,-0.004835333823383052
1.55,-0.009188393273040786,-0.005892107024818587
1.555,-0.010007690282609592,-0.006753906105094719
1.56,-0.010462200581784483,-0.007377582119749709
1.565,-0.010539826818245494,-0.007727169224969176
1.57,-0.01024225593959647,-0.007776313539986637
1.575,-0.009584279841456943,-0.007510415001021897
1.58,-0.008592980304467056,-0.00692822098162791
1.585,-0.00730677312823505,-0.006042679497841891
1.59,-0.0057741594888138376,-0.0048809685341932516
1.595,-0.004052001647370001,-0.003483750264665658
1.6,-0.002203240270581785,-0.0019037865562676198
1.605,-0.00029414672155785027,-0.00020404229688079228
1.61,0.0016086550244321235,0.001544671596454033
1.615,0.0034411541295131347,0.0032665249426244262
1.62,0.005144720782546162,0.004883934421329204
1.625,0.006668438554991028,0.006321082768812183
1.63,0.007970647042032618,0.007507381591942388
1.635,0.009019437854052027,0.008380660564188966
1.64,0.009792218503745764,0.008890144228157468
1.645,0.010274775403029679,0.008999468069870165
1.65,0.010460254458877206,0.008689827992514058
1.655,0.01034828222801208,0.007962911505909859
1.66,0.009944374459580633,0.0068428797568298675
1.665,0.009259831094476896,0.005376637130050058
1.67,0.008312254950171308,0.003631908488399599
1.675,0.007126542717594792,0.0016930595568175992
1.68,0.005735834844866644,-0.00034498081391549397
1.685,0.004181727935570433,-0.0023839935895165077
1.69,0.002513212052956997,-0.004330062171797832
1.695,0.00078425460179328,-0.006100609276105149
1.7,-0.0009495201022779662,-0.007630072484587875
1.705,-0.0026342916170208133,-0.008873510331763885
1.71,-0.004220950155975307,-0.009807653081983475
1.715,-0.005667132512909869,-0.010429341470574727
1.72,-0.006938431808300973,-0.010751820110055363
1.725,-0.008008920241264775,-0.010799721760124104
1.73,-0.008861052070852058,-0.010603672338183042
1.735,-0.009485006021092705,-0.010195371779753139
1.74,-0.009877603053842762,-0.009603867587504318
1.745,-0.010040995175009107,-0.00885347004211387
1.75,-0.009981362522104787,-0.007963325606352885
1.755,-0.009707904815359212,-0.006948272694051759
1.76,-0.00923237817445075,-0.005820503510633977
1.765,-0.00856921761731578,-0.004591681196197711
1.77,-0.0077359931895504,-0.0032751841738231854
1.775,-0.006753791982117025,-0.0018879911948488648
1.78,-0.005647217977067211,-0.00045169951978782374
1.785,-0.004443971983070248,0.00100754902629948
1.79,-0.003174203129674393,0.0024601238155952665
1.795,-0.0018698431928143855,0.0038746374742437348
1.8,-0.0005639766050613282,0.005219916373144812
1.805,0.0007098552569750616,0.006466722598741342
1.81,0.001918555732194377,0.0075889381204064105
1.815,0.003030671499004687,0.008564302571389931
1.82,0.0040178830549742126,0.009375049978199719
1.825,0.0048566527188320455,0.010008718639697968
1.83,0.005529776299573196,0.010459126451634045
1.835,0.006027541193853722,0.010727281352407289
1.84,0.00634827188528142,0.010821951257300446
1.845,0.006498233955776192,0.010759643023883205
1.85,0.0064910636520920575,0.010563738411351038
1.855,0.00634692483276744,0.010262595295751352
1.86,0.00609143871579397,0.009886699771799439
1.865,0.005754307789551664,0.00946539496564647
1.87,0.005367661558519629,0.009023977314592795
1.875,0.004964329994283751,0.008581756273962255
1.88,0.0045762131337667745,0.008151176200454914
1.885,0.004232714168228558,0.007737778613625661
1.89,0.00395913518556057,0.007340858532156606
1.895,0.0037750678128389784,0.006954807209691421
1.9,0.0036929416131314917,0.006570974970276925
1.905,0.003716909471274118,0.006179632128677767
1.91,0.003842249990437802,0.005771638303153637
1.915,0.004055505686162423,0.005339673242410449
1.92,0.004335505168384646,0.0048790430453582515
1.925,0.004655128369090992,0.00438813976755268
1.93,0.004983373661637803,0.0038686770670537454
1.935,0.005287290555155977,0.0033257720518431316
1.94,0.0055336275253559004,0.002767774160172834
1.945,0.0056902871377939555,0.0022056292788175044
1.95,0.005727713379677361,0.001651670572488946
1.955,0.00562027303887546,0.0011179710424524675
1.96,0.005347631848673373,0.0006145195468931844
1.965,0.004896031793411013,0.00014739216074310252
1.97,0.0042592492427218215,-0.0002829697836048625
1.975,0.0034389646442978053,-0.0006830576714023234
1.98,0.0024444250008581955,-0.0010665724015090847
1.985,0.0012916064116019477,-0.0014531494971326067
1.99,2.323700121244221e-06,-0.0018655036331249736
1.995,-0.0013963814579742995,-0.0023255346918382783
2.0,-0.0028726140518298693,-0.0028502116611318143
2.005,-0.004390052408043223,-0.0034480338639842553
2.01,-0.00590867142520303,-0.004116746597171303
2.015,-0.007385832274930851,-0.004842761414991438
2.02,-0.008777732095888356,-0.0056023080733603806
2.025,-0.010041202171340517,-0.006363871918546725
2.03,-0.011135724166155516,-0.0070912548003841044
2.035,-0.01202530632826691,-0.007746719424872445
2.04,-0.012679801483672917,-0.008293904892609127
2.045,-0.013075535979823194,-0.00870030684305708
2.05,-0.01319553909944174,-0.008939125374940241
2.055,-0.013029812529552171,-0.008990356718196825
2.06,-0.012575838131168296,-0.008841176649587914
2.065,-0.011839200761354616,-0.00848586004096337
2.07,-0.010834128388736788,-0.00792565297404997
2.075,-0.009583849587091176,-0.007169047517940693
2.08,-0.008120686967760977,-0.0062326187638019
2.085,-0.006485748087126236,-0.005142073027508797
2.09,-0.004728090620131888,-0.003932863918487649
2.095,-0.002903302022127914,-0.002649858000225316
2.1,-0.0010714524974364745,-0.0013458115613041166
2.105,0.0007056005521644121,-7.86249711559623e-05
2.11,0.002367480052356409,0.0010924653745191595
2.115,0.0038589031433389,0.0021113557779450717
2.12,0.005133283531266852,0.0029296136269341758
2.125,0.006155875489533134,0.0035104489917171158
2.13,0.0069059827576990855,0.003831590230918362
2.135,0.007377835796517993,0.00388676130391721
2.14,0.007579983478178506,0.0036856915058613004
2.145,0.0075333964985714805,0.0032527233480906387
2.15,0.0072687593737798435,0.0026242171572211097
2.155,0.006823473886141547,0.001845189786253693
2.16,0.006238704910188459,0.0009657835566389474
2.165,0.00555653740792484,3.80252882514762e-05
2.17,0.004817220733155483,-0.0008869454200866236
2.175,0.004056643921046483,-0.0017611475205735804
2.18,0.003304415545812735,-0.0025415066555289647
2.185,0.002582945214690879,-0.0031910671782321
2.19,0.0019077191796946077,-0.0036796872525003085
2.195,0.0012886892815089333,-0.003984264968170847
2.2,0.0007324159833288092,-0.004088636735888234
2.205,0.0002443276642782929,-0.0039834745814371925
2.21,-0.00016966220042214167,-0.003666621797826586
2.215,-0.0005027146129154853,-0.0031441387276398124
2.22,-0.0007478393891258072,-0.0024318870503580343
2.225,-0.0008994304084630946,-0.0015570089325845134
2.23,-0.0009548622655675331,-0.000558435081732268
2.235,-0.0009155511657698949,0.0005143113725569123
2.24,-0.0007872434522937254,0.0016043063951532016
2.245,-0.0005796475363251245,0.0026520475699066126
2.25,-0.0003056560753833602,0.003600897609290575
2.255,1.9659613448297798e-05,0.0044018850438477366
2.26,0.0003802015158260478,0.005016954452674444
2.265,0.000760078500627869,0.005420477444184502
2.27,0.0011447736647962857,0.005599400269362795
2.275,0.0015220067432153758,0.0055525218342734675
2.28,0.0018820726980894294,0.0052892113134194235
2.285,0.0022175739012197555,0.004827697450160292
2.29,0.0025226221408214938,0.004193039989708414
2.295,0.0027917183943238543,0.0034150006268163953
2.3,0.0030186216977589383,0.0025261334075654517
2.305,0.0031955474916411254,0.0015603118512785025
2.31,0.0033129473496985185,0.0005515910703302162
2.315,0.0033599596938050542,-0.00046690527479854513
2.32,0.0033254692517025557,-0.0014642437058841919
2.325,0.0031996135885669352,-0.002412975590626573
2.33,0.0029754911637259254,-0.003290211699935668
2.335,0.002650705780293864,-0.004078180112765482
2.34,0.0022283079279538966,-0.004763986649436306
2.345,0.0017168214757389694,-0.005338505643681557
2.35,0.0011293405582702108,-0.0057947274999304976
2.355,0.00048192446073792514,-0.006126171386311572
2.36,-0.00020838609233738217,-0.00632587832840577
2.365,-0.0009255468598201727,-0.006386140376024436
2.37,-0.0016560222454664944,-0.0062988459501146735
2.375,-0.0023894101066180215,-0.0060563401399261925
2.38,-0.0031179942551862842,-0.005652849044102248
2.385,-0.0038353796852684703,-0.005086460388703442
2.39,-0.00453466851717536,-0.004361321458956485
2.395,-0.005206785428235716,-0.0034894232290306366
2.4,-0.005839438528898578,-0.0024913773224000645
2.405,-0.006416828216293351,-0.0013959214443915145
2.41,-0.0069198875372487876,-0.00023829139146330086
2.415,-0.00732684359405782,0.0009421099681272901
2.42,-0.007614147804791024,0.002104231739918961
2.425,-0.007757972431354605,0.0032076642958677043
2.43,-0.00773631141113266,0.004214467385121823
2.435,-0.007531414774630978,0.005090532500151675
2.44,-0.0071321026142269605,0.005806655139739672
2.445,-0.00653553618619173,0.00633946859522877
2.45,-0.005748186078191435,0.006672194235601694
2.455,-0.0047859443789822695,0.00679508040644109
2.46,-0.0036735170157343386,0.006705586421196372
2.465,-0.002443315089895041,0.006408599435392273
2.47,-0.0011340047881168887,0.005916948354034283
2.475,0.00021121982327621663,0.0052521633708392254
2.48,0.0015465837396977725,0.00444500835241622
2.485,0.00282578977852653,0.003535027334144975
2.49,0.004004081799191501,0.002568450648610004
2.495,0.005040245208887236,0.0015943977711874516
2.5,0.005898456549635736,0.0006600822679114909
2.505,0.006549814286360839,-0.00019385963949681076
2.51,0.006973373206386845,-0.0009369609981657052
2.515,0.007156642224570414,-0.0015509858583229088
2.52,0.007095698185377738,-0.0020304346306510446
2.525,0.006795148284810683,-0.0023815907481684008
2.53,0.006268079760740503,-0.002620187618784728
2.535,0.005535972485537334,-0.0027679446010341864
2.54,0.004628450978394581,-0.002848621993667482
2.545,0.0035827286209767152,-0.0028845040318082387
2.55,0.0024425972606323364,-0.0028940039135338267
2.555,0.0012568522270050286,-0.00289053662703147
2.56,7.713362810690856e-05,-0.0028823571414538563
2.565,-0.001044736377586752,-0.002872959458555319
2.57,-0.002059726755509937,-0.0028617677992669914
2.575,-0.002924496155110002,-0.0028449882552016737
2.58,-0.003603674425178915,-0.0028165269342573284
2.585,-0.004071119839421742,-0.0027688737003651077
2.59,-0.004310192753331671,-0.00269386021987111
2.595,-0.004313526530186245,-0.0025832410762038228
2.6,-0.004082904207880576,-0.002429127438796693
2.605,-0.0036296183759444095,-0.0022244009682648638
2.61,-0.0029752242710845075,-0.001963274273597519
2.615,-0.0021521075500351636,-0.0016421013484534952
2.62,-0.0012031009771540629,-0.0012603992753934812
2.625,-0.00017970842352000096,-0.0008218446956309751
2.63,0.0008609012509985994,-0.000334820229452866
2.635,0.0018595819578414406,0.00018792651337303998
2.64,0.002759069515256813,0.0007306913010207798
2.645,0.0035077476741030757,0.0012771013328194674
2.65,0.004063218939443034,0.0018128350871116448
2.655,0.004395534897438823,0.0023281770983096025
2.66,0.004489766630699671,0.002819705579115664
2.665,0.004347492089129638,0.00329047810563317
2.67,0.003986881543260963,0.0037484956755485487
2.675,0.003441310658791557,0.00420384032082654
2.68,0.0027566662959887106,0.0046652900477449875
2.685,0.001987661645142011,0.005137239591457397
2.69,0.0011935688836839618,0.005617569985183599
2.695,0.0004338393190917115,0.006096855381443172
2.7,-0.00023589693420869064,0.006558958911506575
2.705,-0.0007670408797899771,0.006982735436533864
2.71,-0.0011202665806564708,0.007344402980980094
2.715,-0.0012668982480423486,0.007620187403833781
2.72,-0.0011896589914072919,0.007788958930054865
2.725,-0.0008829728036730171,0.007834670781736889
2.73,-0.00035288701680792015,0.007748444445443592
2.735,0.000383380938462307,0.007530090765372879
2.74,0.001298236945546107,0.007188741969210523
2.745,0.0023546890123072256,0.006742243147517403
2.75,0.0035072915258727777,0.006215139264620494
2.755,0.004703029616459731,0.005635437247697557
2.76,0.005882524055467003,0.005030649257031707
2.765,0.006982153872758683,0.004423846025769368
2.77,0.00793740354678735,0.0038305559248997534
2.775,0.008687139105623316,0.0032572470339609777
2.78,0.00917810381819684,0.00270174150238664
2.785,0.009368945174203839,0.002155365673628319
2.79,0.009233343734571721,0.0016062151719343012
2.795,0.008762014372854142,0.0010427628013065723
2.8,0.007963468543703417,0.00045709900500236905
2.805,0.00686361240167499,-0.00015275027642761702
2.81,0.005504454014993006,-0.0007817845245394958
2.815,0.003942165534010028,-0.0014183446353843998
2.82,0.0022444976699010147,-0.002045475320500062
2.825,0.00048740703730833224,-0.0026426991019512236
2.83,-0.0012490416198218945,-0.0031875966188366772
2.835,-0.0028850760862120864,-0.003657003145285463
2.84,-0.004345342476819003,-0.0040280387992640485
2.845,-0.005562380805779123,-0.004279235400206277
2.85,-0.006479454079633268,-0.004391806695958164
2.855,-0.0070529594281777755,-0.00435093445028132
2.86,-0.007254537914613661,-0.004146891592604528
2.865,-0.007072698989895973,-0.003775811157113902
2.87,-0.006513610007319454,-0.0032399414469087146
2.875,-0.005600811329742446,-0.0025473608984861174
2.88,-0.004373866390317102,-0.001711320132802327
2.885,-0.0028861649548073166,-0.0007495070327934381
2.89,-0.0012021765743329797,0.0003165206512445798
2.895,0.0006056461680170738,0.0014616997833894196
2.9,0.0024603119221478474,0.002657756059676386
2.905,0.004284129313391994,0.0038735325524451372
2.91,0.0060027554229512975,0.005075359653705577
2.915,0.007548984080863068,0.006227533247660365
2.92,0.008865809017377851,0.007293130839114578
2.925,0.009908618449738518,0.008235370062070535
2.93,0.010646694209936795,0.009019405179832948
2.935,0.011064211100864321,0.009614123016543831
2.94,0.011160706017365983,0.009993429552102244
2.945,0.010950787832175506,0.010136744967636835
2.95,0.010462868974236691,0.010028788863624988
2.955,0.009736851564446022,0.009659049796262517
2.96,0.008820845475510278,0.009021440358392335
2.965,0.007767112765089013,0.00811449112982908
2.97,0.0066275853883188685,0.006942158631817227
2.975,0.005449471676222228,0.0055151164526813234
2.98,0.0042715742412103574,0.003852328663489585
2.985,0.003121950777851254,0.0019826595935246577
2.99,0.002017415670918399,-5.3830139235086505e-05
2.995,0.0009650251178161817,-0.0022053454710402876
3.0,-3.483961319439288e-05,-0.00440897622926438
3.005,-0.0009846126697521662,-0.0065926737788048195
3.01,-0.0018858445467894447,-0.008678572843789617
3.015,-0.0027364436483878485,-0.010587514850968052
3.02,-0.003529378259159513,-0.01224445326721861
3.025,-0.004253038195711864,-0.013584134134836681
3.03,-0.0048930728142602825,-0.014556286794675417
3.035,-0.005435143312748539,-0.015129726709117393
3.04,-0.005867752620236769,-0.015295025363837637
3.045,-0.00618430053727094,-0.015065381056578495
3.05,-0.006383877499027524,-0.01447514419536913
3.055,-0.006470863876106708,-0.013575640427454166
3.06,-0.006453720259003287,-0.012428715776646993
3.065,-0.00634330609106129,-0.011099320477070644
3.07,-0.0061509297702321,-0.009648752590596228
3.075,-0.005886351325745512,-0.008129728892080934
3.08,-0.0055560561996072025,-0.006583716228281274
3.085,-0.005162094556654506,-0.0050404123287607315
3.09,-0.0047015542904204205,-0.003518851086115035
3.095,-0.004166449288378497,-0.002029145961657151
3.1,-0.0035437192356991484,-0.0005736870435146934
3.105,-0.002815233922159939,0.0008529082643704737
3.11,-0.001957936875385244,0.0022648583383409982
3.115,-0.0009443031766309049,0.0036863898346783724
3.12,0.0002568113172341027,0.0051521004073241655
3.125,0.0016788805719425842,0.006706071222995078
3.13,0.0033558728026240187,0.008399865878683422
3.135,0.005319753380383721,0.010289902171311769
3.14,0.007597313365748017,0.012434676591732509
3.145,0.010206502366028262,0.014892052362558732
3.15,0.013152671873317978,0.017716507266652238
3.155,0.016425281338960415,0.020956059587273125
3.16,0.0199955411775751,0.02464862796238658
3.165,0.023815174495878624,0.02881781615551366
3.17,0.027816207625486797,0.03346843521572289
3.175,0.03191167900773362,0.03858230408204544
3.18,0.03599732202328387,0.04411485805122438
3.185,0.03995435694821389,0.049992877503691704
3.19,0.04365341264947015,0.05611347063627767
3.195,0.04695943539170125,0.06234447619210934
3.2,0.04973733449249346,0.0685265235023089
3.205,0.05185799319926798,0.07447682192323213
3.21,0.05320412427978316,0.07999442087767317
3.215,0.053675442920474326,0.08486653514503179
3.22,0.05319288129150701,0.08887571783770892
3.225,0.051701920667258594,0.09180797617523079
3.23,0.049175299495197666,0.09346208327469996
3.235,0.04561530799333996,0.09366019879663917
3.24,0.04105573753410019,0.09225947048067995
3.245,0.03556341068495861,0.0891637723242874
3.25,0.029239120218216952,0.08433449257903192
3.255,0.022217842698913248,0.07779936752960903
3.26,0.01466824302807096,0.06965850577564825
3.265,0.006791532343352613,0.06008687193279438
3.27,-0.0011804359146605492,0.049332744751185986
3.275,-0.008988169538959534,0.03771205404152844
3.28,-0.01634901233264957,0.02559888422726264
3.285,-0.022963264862552013,0.013412701046044084
3.29,-0.028521795785830306,0.001602993813554221
3.295,-0.03271467509282716,-0.009367934550930324
3.3,-0.035240250414724394,-0.019043286318964014
3.305,-0.035814282053347246,-0.02699042565184029
3.31,-0.03417913968433234,-0.032819044774835104
3.315,-0.030113384955133327,-0.03619791563775976
3.32,-0.023442089093083984,-0.036869199761068394
3.325,-0.014047906110680575,-0.0346592801884863
3.33,-0.0018824099691450713,-0.02948529817152834
3.335,0.013023223243147364,-0.02135707049610902
3.34,0.03054926969960753,-0.010374672800672835
3.345,0.05048118311603539,0.003277588971073997
3.35,0.07250658716051617,0.019339958898978882
3.355,0.0962158909054287,0.03748789501520999
3.36,0.12110688743742387,0.057343677644847824
3.365,0.14659367601512518,0.07848797962246479
3.37,0.17201991329352329,0.10047063694638358
3.375,0.19667592314665394,0.12282032390409625
3.38,0.21981889205036542,0.1450532389881719
3.385,0.2406952186412008,0.1666810725324328
3.39,0.2585639868199099,0.1872185893795526
3.395,0.27272065918722577,0.20619121696792586
3.4,0.282520473706122,0.22314294640027232
3.405,0.28740133355604125,0.23764460102526064
3.41,0.2869059017209725,0.24930236421356056
3.415,0.28070219859653345,0.2577665267618434
3.42,0.2686015814521494,0.26274042603052217
3.425,0.25057291059380016,0.26398919550931166
3.43,0.22675206072605825,0.2613474519796479
3.435,0.1974464568311558,0.2547250141001598
3.44,0.1631346742602826,0.24411039184669114
3.445,0.1244612106132239,0.22957256819066796
3.45,0.08222637291108326,0.21126175600162878
3.455,0.03737097902312225,0.1894092863325132
3.46,-0.009044575250794384,0.16432628202607624
3.465,-0.05586724586174796,0.13640089989212933
3.47,-0.10188428427038154,0.10609445503155346
3.475,-0.1458616875981842,0.07393694041289
3.48,-0.18658703717151903,0.04052199788957633
3.485,-0.22291498968986367,0.006500650359565707
3.49,-0.25381314900542895,-0.02742743768342626
3.495,-0.2784056699646493,-0.06052658700364111
3.5,-0.29601181107029095,-0.09204285803816825
3.505,-0.3061768748359015,-0.12122751127519305
3.51,-0.3086935501668646,-0.14736549108027086
3.515,-0.3036123791105556,-0.16980669392982772
3.52,-0.29124069183810786,-0.1879967443014814
3.525,-0.27212987467964433,-0.2015041695549824
3.53,-0.24705137392206455,-0.21004199585234495
3.535,-0.21696248594049106,-0.2134829303893815
3.54,-0.18296371522468602,-0.21186784799334557
3.545,-0.14625014881320153,-0.2054074074320722
3.55,-0.1080597483639858,-0.194476648733928
3.555,-0.06962163568395519,-0.1796025361782536
3.56,-0.03210730568317177,-0.1614446353861465
3.565,0.003412807511882221,-0.14076941314709357
3.57,0.03600577481046363,-0.11841894270276732
3.575,0.064904759976114,-0.0952750326580678
3.58,0.08952935127229023,-0.07222005662410758
3.585,0.1094973798730271,-0.05009618803222371
3.59,0.12462794599188076,-0.029665343443641135
3.595,0.13493536241701853,-0.011572726652974374
3.6,0.14061393162130587,0.0036828173134220155
3.605,0.1420141039566699,0.015768695465645965
3.61,0.1396115777298117,0.024526842132609916
3.615,0.13397188725296705,0.029970177310589152
3.62,0.12571351544506104,0.03226855207731982
3.625,0.11547242579466288,0.03172616700721842
3.63,0.10387030205483372,0.028752404839017087
3.635,0.09148792360349334,0.02382789371071503
3.64,0.07884420619590249,0.01746783884808334
3.645,0.06638079257834795,0.010185059240752858
3.65,0.05445185162522681,0.00245527593016881
3.655,0.04331873894112226,-0.005313231580483135
3.66,0.03314902805073716,-0.012804263127463855
3.665,0.024019072767789584,-0.01981198259808381
3.67,0.015918977603579743,-0.026252519964221177
3.675,0.008758897982641622,-0.032168589967705774
3.68,0.0023760345967622776,-0.0377268673416693
3.685,-0.003457608300472259,-0.043208127195272006
3.69,-0.009026021435820875,-0.04899066074553016
3.695,-0.014657713965203989,-0.05552804685158108
3.7,-0.020711417532526255,-0.06332274454408027
3.705,-0.02755887388556988,-0.07289698895265473
3.71,-0.03556510391651346,-0.0847622031769042
3.715,-0.04506710532288083,-0.09938787465766064
3.72,-0.05635235724890064,-0.1171708243919749
3.725,-0.06963862103428631,-0.13840605235025127
3.73,-0.08505635548328372,-0.1632607325307711
3.735,-0.10263479612628523,-0.19175321238082388
3.74,-0.12229251685327114,-0.22373882186421334
3.745,-0.14383312359305434,-0.25890388125602837
3.75,-0.16694652963101053,-0.29676866138488933
3.755,-0.19121594171261203,-0.33669934989154104
3.76,-0.2161303015045073,-0.37792833974997825
3.765,-0.2411015640544757,-0.41958134882430825
3.77,-0.2654858106346637,-0.4607091151221807
3.775,-0.2886067884547989,-0.5003209892992296
3.78,-0.30978030619056873,-0.5374178764275455
3.785,-0.3283382651291176,-0.5710225934330784
3.79,-0.34365181626601804,-0.6002065848000132
3.795,-0.3551536952714671,-0.624112840122728
3.8,-0.3623598551185129,-0.6419755128616549
3.805,-0.36489018283253605,-0.653136969245101
3.81,-0.36248766908571706,-0.6570629133675925
3.815,-0.35503509799524535,-0.6533561030842931
3.82,-0.3425681510810392,-0.6417690698423106
3.825,-0.32528383676412553,-0.6222160828126828
3.83,-0.3035436163150671,-0.5947842933060294
3.835,-0.2778714935342268,-0.5597435380324653
3.84,-0.24894780988992826,-0.5175536068529851
3.845,-0.21759840482026704,-0.4688669818589588
3.85,-0.1847765247678308,-0.41452456161700013
3.855,-0.1515337384963933,-0.35554213303511073
3.86,-0.11897809749274901,-0.2930862922604991
3.865,-0.0882219024709272,-0.22843983057220463
3.87,-0.06032467949865916,-0.16295822826544537
3.875,-0.03623750607744203,-0.09802069104201294
3.88,-0.016753437836936502,-0.03498028014341603
3.885,-0.002467172245613547,0.024882801092159568
3.89,0.006254028146557289,0.08040262416422372
3.895,0.009286986709255984,0.13056363987940234
3.9,0.006756568743249147,0.1745326240812739
3.905,-0.0009724101904584614,0.2116874435874312
3.91,-0.013313929842784233,0.24164237038828063
3.915,-0.02948838695249245,0.2642679894378892
3.92,-0.04855738955078648,0.2797023891266077
3.925,-0.06946438010837275,0.28834990240310976
3.93,-0.0910799255142245,0.2908644582904012
3.935,-0.11225021202685692,0.28811643592359726
3.94,-0.13184677269358058,0.28114420018293185
3.945,-0.14881525166345488,0.2710935879414782
3.95,-0.1622211620871692,0.2591501636384601
3.955,-0.1712908120928649,0.24647000752922565
3.96,-0.17544564109135763,0.2341150749283698
3.965,-0.17432819987192794,0.2229986514679485
3.97,-0.1678181031326842,0.21384511973935938
3.975,-0.15603659437127027,0.2071663153425929
3.98,-0.13933888775868075,0.20325453495147316
3.985,-0.11829410844534793,0.20219031108110208
3.99,-0.09365332855430664,0.20386188632212754
3.995,-0.06630677877113156,0.20799298554688317
4.0,-0.037231893533685056,0.21417572553379838
4.005,-0.007434864872557512,0.22190602304324392
4.01,0.022109941570481073,0.2306193841972224
4.015,0.050516820556191,0.23972521315532225
4.02,0.07703583410373716,0.24863783392128846
4.025,0.10108583445091579,0.25680272312292285
4.03,0.12227135500779962,0.26371723396910207
4.035,0.1403833675155428,0.268945987110053
4.04,0.15538560872033003,0.2721316045494473
4.045,0.16738968039460644,0.2730014743603628
4.05,0.17662311553819166,0.27137104302533155
4.055,0.18339467429258471,0.2671440379590275
4.06,0.18806036215618205,0.2603100757548047
4.065,0.19099256914322105,0.2509401532242481
4.07,0.1925538249534271,0.2391804324313903
4.075,0.19307611707249217,0.22524452594350697
4.08,0.1928462948610532,0.20940420905569024
4.085,0.1920974921763503,0.19197827997943628
4.09,0.19100581469469313,0.1733194137211661
4.095,0.18969108946818447,0.15379936723729837
4.1,0.1882204118330273,0.13379347726129415
4.105,0.18661345742690805,0.11366566719767263
4.11,0.18484896459210298,0.09375508454117143
4.115,0.18287229414633388,0.07436527388802339
4.12,0.18060423678641202,0.05575667224595576
4.125,0.1779510751056128,0.038143119937995296
4.13,0.17481548696256888,0.02169272788408219
4.135,0.17110748515088248,0.006532700613459813
4.14,0.1667543444734001,-0.007243112827670817
4.145,0.1617084180075231,-0.019565553636444605
4.15,0.1559519640519258,-0.030381750001516855
4.155,0.14949857287183443,-0.039647876676186244
4.16,0.14239135372538259,-0.04732371202014296
4.165,0.1346985587212608,-0.05336951602565981
4.17,0.12650763396760134,-0.05774542910999114
4.175,0.11791871402780074,-0.06041296525232237
4.18,0.10903837939997502,-0.06133754186548179
4.185,0.0999742298854075,-0.060490708468115495
4.19,0.090830587598216,-0.0578509897612946
4.195,0.08170544470327451,-0.0534029335951936
4.2,0.07268857264470951,-0.04713463085210917
4.205,0.06386051169666862,-0.0390342981810185
4.21,0.05529208038712713,-0.02908657231086631
4.215,0.04704418887455755,-0.017269204538883698
4.22,0.039167987989553205,-0.0035508241350347136
4.225,0.03170545911896763,0.01210979942123147
4.23,0.0246903573456225,0.02976295555743269
4.235,0.018149203011886106,0.04946597496953248
4.24,0.012102032882088914,0.07128055591765364
4.245,0.006562797581022434,0.0952700474655031
4.25,0.00153939665845651,0.12149710814955123
4.255,-0.002966615233690517,0.15002180079631042
4.26,-0.006960465812033828,0.18089996470996123
4.265,-0.010454354205214011,0.2141818832903698
4.27,-0.013467022210010782,0.2499116738085248
4.275,-0.016022710536932855,0.2881280134182714
4.28,-0.018149970159698048,0.3288665814331474
4.285,-0.019880942962391845,0.37216409672858575
4.29,-0.02125135982002968,0.41806320917959555
4.295,-0.022300891994220723,0.46661685122092345
4.3,-0.02307313483767054,0.5178902392005358
4.305,-0.023614678977557563,0.5719588795383266
4.31,-0.02397326408960343,0.6289016523892215
4.315,-0.024195481224074722,0.6887887530722148
4.32,-0.024324559377842336,0.7516643191337762
4.325,-0.02439848273141415,0.8175229297660191
4.33,-0.024448395497601028,0.8862786291181393
4.335,-0.02449723296522649,0.95772559410636
4.34,-0.024558679577336096,1.0314911288000546
4.345,-0.02463666577700757,1.1069835632312808
4.350000000000001,-0.02472560268697971,1.1833390481544486
4.355,-0.024811461116594435,1.2593719377253603
4.36,-0.024873655579238874,1.3335336764390533
4.365,-0.024887509975979882,1.4038850111628278
4.37,-0.024826891142116225,1.468085888706737
4.375,-0.02466649283543504,1.5234068031000234
4.38,-0.0243833776547136,1.5667651595489112
4.385,-0.02395770945891107,1.5947904557500063
4.39,-0.023372830463364525,1.603921972054268
4.395,-0.022614729367552378,1.590541500640823
4.4,-0.021670741960065465,1.5511416393428021
4.405,-0.020527488186994847,1.4825283171730472
4.41,-0.019168636182387677,1.3820547277449364
4.415,-0.01757354794951238,1.2478800998420958
4.42,-0.015717678748928043,1.079237175697557
4.425,-0.013574919982639932,0.8766792944293123
4.43,-0.01112146322950236,0.642271227600558
4.435,-0.008340496090663785,0.379693952311964
4.44,-0.0052269818874510765,0.09424804529066932
4.445,-0.0017917840286597597,-0.20724564314012284
4.45,0.0019355259752275034,-0.5166402560600076
4.455,0.005905676216011679,-0.824739278508142
4.46,0.0100507810327779,-1.1216388581507761
4.465,0.014287476117847087,-1.3971168399293656
4.47,0.018521745480311935,-1.6410459878972858
4.475000000000001,0.022654757685058424,-1.8438070597516578
4.48,0.02658883590447564,-1.996678571374341
4.485,0.030232837914213107,-2.0921838573706886
4.49,0.03350668319943645,-2.124380946725692
4.495,0.03634514816357537,-2.0890860813376655
4.5,0.038701069551461964,-1.9840272701561164
4.505,0.040547895276566714,-1.8089293702315103
4.51,0.041881386357945694,-1.565535549578268
4.515,0.04272026953229352,-1.257570989621275
4.52,0.04310569465774944,-0.8906538598232068
4.525,0.04309942779556469,-0.4721570643309656
4.53,0.04278078621280473,-0.01102314073886479
4.535,0.04224239306327521,0.4824652662724125
4.54,0.04158493851598255,0.9969556995401021
4.545,0.04091123115452874,1.5203313293593697
4.55,0.040319783802945375,2.0400436859581363
4.555,0.03989807863003042,2.5434628895003906
4.56,0.039715759827172015,3.0182343956847166
4.565,0.0398183204834508,3.4526306120570975
4.57,0.040222028494075496,3.8358850652905936
4.575,0.04091065011264748,4.158496319566398
4.58,0.041834202809366325,4.412489309544304
4.585,0.042909780648737544,4.591623384405715
4.59,0.04402439249826623,4.691538827584118
4.595,0.04503959722738482,4.709836804291868
4.600000000000001,0.0457975964214234,4.646091551267265
4.605,0.046128485546686554,4.501797338372683
4.61,0.04585848360672093,4.280255073830123
4.615,0.044818947189552,3.9864042352775186
4.62,0.042855765452332974,3.6266063301604206
4.625,0.0398385237429197,3.2083876839380494
4.63,0.035668852087989616,2.7401522657430135
4.635,0.03028761804855294,2.230878372269764
4.64,0.023680830016515275,1.6898147138614874
4.645,0.015884118232145306,1.1261912018465168
4.65,0.0069855128182348125,0.5489581207948291
4.655,-0.002873925142310496,-0.03343527430184423
4.66,-0.013502178081515076,-0.6132156318823831
4.665,-0.024661656966174478,-1.18341154394097
4.67,-0.036078400729345414,-1.7379327206176356
4.675,-0.047455193430813086,-2.271606947095478
4.68,-0.05848795871723613,-2.780180587895103
4.685,-0.06888396084487326,-3.2602886479071316
4.69,-0.07837980111244475,-3.7094002490449967
4.695,-0.08675704805072479,-4.125744662919306
4.7,-0.09385345536734513,-4.508221564194866
4.705,-0.0995681549373927,-4.856297864923601
4.71,-0.10386011050456333,-5.16989414448361
4.715,-0.10674026924597738,-5.449266669307676
4.72,-0.10825876362321973,-5.694893633331645
4.725000000000001,-0.10848895559582383,-5.907373106646228
4.73,-0.10751021403626687,-6.0873353298009825
4.735,-0.10539136539522653,-6.2353674205192435
4.74,-0.10217704522417431,-6.3519476634188905
4.745,-0.09787963715162318,-6.437388894093802
4.75,-0.09247947488431252,-6.491793502516391
4.755,-0.08593494766047283,-6.515024422066557
4.76,-0.07820237894158477,-6.506696384335303
4.765,-0.06926383688261739,-6.466189646256341
4.77,-0.05915990583180397,-6.392685682024821
4.775,-0.04802398711957889,-6.28522336756375
4.78,-0.03611472601896615,-6.142775279343791
4.785,-0.023843265680101866,-5.964343724098015
4.79,-0.011791715185216711,-5.7490728877373485
4.795,-0.0007183658399689818,-5.496369866974089
4.8,0.008455665707130078,-5.206027094028375
4.805,0.014683669098270236,-4.878341044859731
4.81,0.01685835258848789,-4.514223672210964
4.815,0.013905797298051303,-4.115302240314065
4.82,0.004905106417618765,-3.6840011828956136
4.825,-0.010776079294938734,-3.2235978299071775
4.83,-0.03334696476438104,-2.7382436860541475
4.835,-0.062479319959730883,-2.232944998598235
4.84,-0.09722889231809284,-1.7134994383214774
4.845,-0.1360002183559742,-1.1863877679703947
4.850000000000001,-0.17655624942349735,-0.6586202059886546
4.855,-0.21607084223527018,-0.1375384578076151
4.86,-0.251220396976076,0.3694232842047427
4.865,-0.2783093798455709,0.8550119271246928
4.87,-0.29342276367235254,1.3124517795025241
4.875,-0.29259699271900264,1.7357419646630277
4.88,-0.27200060589843167,2.119921384174674
4.885,-0.22811623019316984,2.4612612864995143
4.89,-0.15791660637756522,2.757353066939288
4.895,-0.059027914034765594,3.0070813013485704
4.9,0.07012615371503017,3.21049974008713
4.905,0.23020586180549318,3.3686477143562144
4.91,0.4208679519020464,3.483348437970676
4.915,0.6407133333200223,3.557020995850415
4.92,0.887272447651829,3.5925225059627905
4.925,1.1570293708518278,3.593023609474585
4.93,1.4454847450174755,3.5619121604540602
4.935,1.7472570413117663,3.5027161568496226
4.94,2.056221041505868,3.419036069741548
4.945,2.3656813613216316,3.3144778360448868
4.95,2.6685769493593257,3.192580589598638
4.955,2.9577095078202573,3.0567376398084924
4.96,3.2259851367758126,2.910114786879678
4.965,3.466655641277379,2.7555755033273375
4.97,3.673545331303899,2.5956255722394914
4.975000000000001,3.8412514349190463,2.4323880890772784
4.98,3.9653108238441543,2.2676131754605127
4.985,4.042329543717612,2.1027185152607153
4.99,4.07007064427582,1.9388508480253606
4.995,4.047491486019972,1.7769565605651954
5.0,3.974722098533288,1.6178510358224063
5.005,3.8529855913144324,1.4622800111581435
5.01,3.684473767428809,1.3109699677928353
5.015,3.472196984785942,1.164666831213104
5.02,3.219825304786486,1.0241623147386614
5.025,2.9315325784512183,0.8903055958399078
5.03,2.6118503472319325,0.7639965153041377
5.035,2.265535199278773,0.6461576714485462
5.04,1.8974510139225131,0.537687458340586
5.045,1.5124661460090252,0.43940168288242143
5.05,1.1153652536827678,0.3519741096526716
5.055,0.7107760962778684,0.27588492989064095
5.06,0.30311250411962476,0.21138272295647864
5.065,-0.10346522624574561,0.15846242662991994
5.07,-0.5050725191622192,0.11685991818080277
5.075,-0.8981072391547542,0.08606251140390775
5.08,-1.2792445441369509,0.06533353573909961
5.085,-1.6454245096462046,0.053748207386440594
5.09,-1.9938377806424583,0.05023737957112884
5.095,-2.321914689884636,0.053635491257244094
5.100000000000001,-2.6273224204465286,0.06272905221429292
5.105,-2.907972484049843,0.07630222838837675
5.11,-3.1620381020879726,0.0931765030686389
5.115,-3.3879796798179953,0.11224206419751193
5.12,-3.5845764226035364,0.13247955914761667
5.125,-3.7509620509873614,0.15297201128685955
5.13,-3.8866624670156042,0.17290773785423674
5.135,-3.9916334532879425,0.1915759187246331
5.14,-4.066295978313491,0.20835705127262738
5.145,-4.111564638270412,0.22271086833909925
5.15,-4.128862779615604,0.23416438835218334
5.155,-4.12011799193186,0.24230271543448878
5.16,-4.087733794770897,0.24676511919828292
5.165,-4.034535917942869,0.24724866688950442
5.17,-3.9636937733241013,0.24352072133560476
5.175,-3.8786196115449134,0.23543944507676218
5.18,-3.7828494883101724,0.22297865500431802
5.185,-3.679911316779477,0.2062517328378688
5.19,-3.573185826653374,0.18552992257608525
5.195,-3.4657665210666115,0.16125233515236548
5.2,-3.360325434581118,0.13402667153759323
5.205,-3.258992679662568,0.10462040821872742
5.21,-3.1632580769322294,0.07394229540360775
5.215,-3.0739014120074284,0.04301395391670498
5.22,-2.9909548971607602,0.012931374161743059
5.225000000000001,-2.9136991487647403,-0.015183543905156749
5.23,-2.840692967693812,-0.04024016360135957
5.235,-2.769836327481526,-0.06124153327453774
5.24,-2.6984643091400837,-0.07734598411262167
5.245,-2.623467719191698,-0.08792058398992181
5.25,-2.541434991011702,-0.0925802573717347
5.255,-2.4488102358163175,-0.09120895886734126
5.26,-2.342062966540187,-0.08396166128852478
5.265,-2.2178638888659172,-0.07124758270551512
5.27,-2.073256770288676,-0.0536968097755145
5.275,-1.9058103598701734,-0.032114853494742635
5.28,-1.7137312736074684,-0.007431758803155941
5.285,-1.4959227990280475,0.019347612492448985
5.29,-1.25198569357228,0.04718797113849693
5.295,-0.9821706180821224,0.07506161827901703
5.3,-0.6873010985056283,0.10198087479298623
5.305,-0.3686865150164991,0.12702607269845778
5.31,-0.0280382150049725,0.1493700128673105
5.315,0.3326057899713959,0.16829941327937264
5.32,0.710946662403984,0.18323341551232225
5.325,1.1044817286120825,0.19373876332598322
5.33,1.5105535628602382,0.19954093940992992
5.335,1.9263920784871473,0.20053041499801677
5.34,2.3491498971522304,0.19676323359372613
5.345,2.7759301122187523,0.1884553164004767
5.350000000000001,3.2038044569788617,0.1759699899047072
5.355,3.6298193019854352,0.15979825154559235
5.36,4.050987131542257,0.1405314365104079
5.365,4.464262190920293,0.11882675707499929
5.37,4.866500494412589,0.09536804472407773
5.375,5.254406097292355,0.0708262676790265
5.38,5.6244675940165445,0.045825299049152335
5.385,5.97289122216033,0.020916976948371246
5.39,6.2955391701281735,-0.003433218142823158
5.395,6.587882772200635,-0.026850671468521936
5.4,6.8449795397076,-0.04904791055422153
5.405,7.061480628723711,-0.06981417195630762
5.41,7.23167249893708,-0.08899963695001756
5.415,7.349554323173615,-0.10649583773390209
5.42,7.408951424074429,-0.12221399459613458
5.425,7.403664019207692,-0.13606312331795611
5.43,7.32764917408273,-0.14792953341442913
5.435,7.175231948834316,-0.15765900756877754
5.44,6.941339247413577,-0.16504275027563511
5.445,6.621746658487474,-0.16980813915524
5.45,6.213325185298267,-0.17161521258808687
5.455,5.714272916192655,-0.17005954931168885
5.46,5.124317922446345,-0.16468185250069564
5.465,4.44488294734429,-0.15498431800012086
5.47,3.679208001310755,-0.14045372351141666
5.475000000000001,2.832431111255147,-0.12059097121298296
5.48,1.911628313511514,-0.09494648797582411
5.485,0.9258118852738519,-0.0631605185887687
5.49,-0.11411736517015214,-0.02500704437535861
5.495,-1.195470378084032,0.019560198904345127
5.5,-2.3039296116149686,0.07036146443346758
5.505,-3.4237725629461337,0.12694679317724328
5.51,-4.5381584925818,0.18855656355192663
5.515,-5.629472832303186,0.25408975119772237
5.52,-6.679719931681468,0.3220829991509021
5.525,-7.670951878110898,0.390703559984675
5.53,-8.585718341899899,0.45775876081549516
5.535,-9.407519757170157,0.520723895172448
5.54,-10.121244648838651,0.5767897541499325
5.545,-10.713572630638573,0.6229305716215184
5.55,-11.173327588295539,0.6559926795942557
5.555,-11.491769764817118,0.6728033643460449
5.56,-11.662819610010281,0.6702983565674674
5.565,-11.68320956428977,0.6456651962141158
5.57,-11.55256219603096,0.596498374536893
5.575,-11.273394736011674,0.5209608535980181
5.58,-10.851051895265636,0.41794569257126213
5.585,-10.293571052773348,0.2872311730250994
5.59,-9.611485584898134,0.1296226856603715
5.595,-8.817572964054161,-0.05292556310858698
5.600000000000001,-7.926555389089366,-0.25721628883598857
5.605,-6.954762780720145,-0.4787500342878439
5.61,-5.919769408446513,-0.7117093957477105
5.615,-4.840014200384701,-0.9489944991212895
5.62,-3.7344114328493276,-1.1823160980833942
5.625,-2.621955506307806,-1.4023497127863516
5.63,-1.5213226402383526,-1.5989505870727234
5.635,-0.4504736302615271,-1.7614261302678555
5.64,0.5737354330535567,-1.87886082629793
5.645,1.5359237405251065,-1.9404877945383698
5.65,2.4225215626746177,-1.9360995143018909
5.655,3.2220495136877645,-1.8564865419912597
5.66,3.92531826755355,-1.6938876950675663
5.665,4.525533597243225,-1.4424289707703908
5.67,5.0183075302306435,-1.0985225180282017
5.675,5.401594229619299,-0.6611942320845197
5.68,5.6755823829623395,-0.13231389838923846
5.685,5.842578432065125,0.4832823359322651
5.69,5.90690221973427,1.1777673598827159
5.695,5.874791263191831,1.940375514615897
5.7,5.754285232942891,2.7575164835877444
5.705,5.555053168926246,3.6129502688512103
5.71,5.288136267821098,4.488035512931561
5.715,4.965600928814435,5.362067387449868
5.72,4.600119988903211,6.212717887726207
5.725000000000001,4.204517257972913,7.016584163753126
5.73,3.7913165021369206,7.749841819878471
5.735,3.372330206924561,8.388990244828245
5.74,2.9583112417874897,8.911665117146883
5.745,2.55867907448427,9.297479622875368
5.75,2.181324661214524,9.528843549233898
5.755,1.8324939727568381,9.591702856740383
5.76,1.516747645747773,9.476145917432106
5.765,1.2369918765820653,9.176837323805586
5.77,0.9945724316632076,8.69326110772026
5.775,0.7894200227125583,8.02977428411095
5.78,0.6202329278256835,7.1954839090682725
5.785,0.48468272945450996,6.203966894385232
5.79,0.37963092735352166,5.072854611508475
5.795,0.3013467695714378,3.8233055914691363
5.8,0.24571913792419942,2.4793894714968303
5.805,0.20845727652103907,1.06740398096224
5.81,0.18527614489695088,-0.38485446571272064
5.815,0.17206233688943207,-1.848845937675577
5.82,0.16501670076137032,-3.296046502342321
5.825,0.16077066416566943,-4.698690706855324
5.83,0.15647453102350162,-6.03047679949848
5.835,0.14985716902571644,-7.267215424983121
5.84,0.1392575766058919,-8.387402639034839
5.845,0.12363002068348017,-9.372698789026465
5.850000000000001,0.1025255630408981,-10.208297985637714
5.855,0.07605338851553989,-10.883178709236752
5.86,0.04482522559854485,-11.390233015488405
5.865,0.009885543199406266,-11.726277819486949
5.87,-0.02737037381974683,-11.891955564026876
5.875,-0.0652884020743385,-11.89153362908869
5.88,-0.10205491784960552,-11.732613707513801
5.885,-0.135800060879679,-11.425764723549635
5.89,-0.1647013426747037,-10.984094628258369
5.895,-0.18708450809138122,-10.422776604065005
5.9,-0.20151896179990536,-9.758544666332003
5.905,-0.2069048026599727,-9.00917388971562
5.91,-0.20254772064030457,-8.192961751699276
5.915,-0.1882171639953567,-7.328228176508645
5.92,-0.16418248104730715,-6.432851465296668
5.925,-0.131221171046783,-5.523854915418383
5.93,-0.0905930801838668,-4.617054909711015
5.935,-0.04397522867361081,-3.726776509060599
5.94,0.006643919166919865,-2.865638284927563
5.945,0.059102939647594166,-2.044405028665473
5.95,0.11122011415598765,-1.2719045997551532
5.955,0.16093669636010688,-0.5550024819339967
5.96,0.20643219730010376,0.10137508783243732
5.965,0.24620371858579637,0.6941794998721562
5.97,0.2791101691289779,1.222148192967417
5.975000000000001,0.30438638285564434,1.6856890210816786
5.98,0.3216333523421331,2.086744362990096
5.985,0.33079084716099594,2.428637315502037
5.99,0.33209813822710643,2.7159010904278205
5.995,0.32604754055537,2.954092270627811
6.0,0.3133343412791656,3.1495901463516525
6.005,0.29480575150776034,3.309387727500006
6.01,0.2714109520395809,3.4408817849620235
6.015000000000001,0.24415403307300754,3.5516659538258146
6.02,0.21405147993737067,3.6493244577529644
6.025,0.18209555610225336,3.7412203720302877
6.03,0.14922432293329774,3.8342744108799494
6.035,0.11629835233182531,3.9347354994312376
6.04,0.08408378694953103,4.047949097588873
6.045,0.053241242192126906,4.178131503846538
6.05,0.024319908232684442,4.328158539372323
6.055,-0.00224382802977989,4.499376962177777
6.06,-0.026123762987625004,4.691448175948685
6.065,-0.04709761388923395,4.902235851546033
6.07,-0.06503738392900221,5.127750447203836
6.075,-0.079896464974551,5.36216317341827
6.08,-0.09169344159141363,5.597899208479603
6.085,-0.10049277881863039,5.825814976888911
6.09,-0.10638328175050177,6.035457897171166
6.095,-0.10945619905345294,6.215400633212441
6.100000000000001,-0.10978567781600224,6.353636884475346
6.105,-0.10741438737694836,6.438022629957578
6.11,-0.102346276587586,6.456744908473993
6.115,-0.09454709679266526,6.398798846550282
6.12,-0.08395217371641905,6.2544527852935055
6.125,-0.07048014758131027,6.015681652240929
6.13,-0.05405102114086735,5.676550417891622
6.135,-0.03460700567630093,5.233532222584582
6.140000000000001,-0.01213523604772393,4.685748870165703
6.145,0.013308149230657373,4.035124177253323
6.15,0.04157321880207099,3.286443137790208
6.155,0.07239187779080214,2.447312747000531
6.16,0.10535536616194341,1.5280240967015288
6.165,0.13989515691230936,0.5413198374571877
6.17,0.17526881156389262,-0.4979235742689099
6.175,0.21055240264687303,-1.5730828377258277
6.18,0.24464100787334156,-2.666221251887322
6.185,0.27625829759983045,-3.758542378511187
6.19,0.30397552106232023,-4.830840260118961
6.195,0.3262397813984366,-5.863931143223446
6.2,0.34141169257121023,-6.839062604340519
6.205,0.3478129648271841,-7.738303482943543
6.21,0.3437845257692047,-8.544918137778982
6.215,0.32775526915308073,-9.243723034045301
6.22,0.29832074600418135,-9.821418212405382
6.225000000000001,0.2543303043375602,-10.266884194027199
6.23,0.19498027416482944,-10.571435438542387
6.235,0.11990980523619821,-10.729023160485836
6.24,0.029295214606284814,-10.736383228092768
6.245,-0.0760615708699246,-10.59312818258609
6.25,-0.19465482497640751,-10.30178368653005
6.255,-0.3242113721134102,-9.867768248254492
6.26,-0.46164594784556867,-9.299313136644521
6.265000000000001,-0.6030403858297833,-8.60731923395873
6.27,-0.7436515209541383,-7.805149272271596
6.275,-0.8779521059716766,-6.90835612653931
6.28,-0.9997078897085778,-5.934349082211142
6.285,-1.1020927818380835,-4.90199983448624
6.29,-1.1778429477923322,-3.8311900813553663
6.295,-1.2194494491369927,-2.7423054239395555
6.3,-1.2193873470503416,-1.6556869321986767
6.305,-1.1703771176499815,-0.5910620100995629
6.31,-1.0656721666290125,0.4330110213872729
6.315,-0.8993643862010954,1.399639616027038
6.32,-0.6666979804298787,2.2939899571188676
6.325,-0.3643801302208942,3.1035472888528233
6.33,0.009124305073693328,3.818243032122389
6.335,0.45332758461465783,4.430476378347997
6.34,0.9654967745857927,4.935074157125037
6.345,1.5404867990059201,5.329231463484689
6.350000000000001,2.1706401616732154,5.612458589972384
6.355,2.8457639687973284,5.786533419721934
6.36,3.5531949211308955,5.855433734074726
6.365,4.277963169813106,5.825214690265568
6.37,5.0030653757830965,5.703808464559124
6.375,5.709854726755635,5.500745869024588
6.38,6.378549597375474,5.226818250459452
6.385,6.988852309375703,4.893705218830224
6.390000000000001,7.520656210052534,4.513592602149055
6.395,7.954805591006952,4.098800766353371
6.4,8.273861566984525,3.661438899817006
6.405,8.46282044631175,3.2130965553820685
6.41,8.509731607584087,2.7645796781039653
6.415,8.406170828139551,2.325694773949488
6.42,8.147541736292524,1.9050819455572263
6.425,7.733199110341921,1.510095311687719
6.43,7.166407781333433,1.1467281001482446
6.435,6.454165444542014,0.8195795326058237
6.44,5.606925116767002,0.5318609840177249
6.445,4.638253963250001,0.2854390144794443
6.45,3.5644612626644374,0.0809122766762389
6.455,2.404220861010714,-0.08228186028498463
6.46,1.178203577143158,-0.20573629151834805
6.465,-0.09127666903872012,-0.29192478416587075
6.47,-1.380611309856846,-0.3440404860000368
6.475000000000001,-2.6652580511997783,-0.3658286290563193
6.48,-3.920135863988037,-0.36141950413392765
6.485,-5.120071818237832,-0.3351671294052747
6.49,-6.240307811460212,-0.2914979724267637
6.495,-7.257063851871841,-0.23477295050900393
6.5,-8.148145340175802,-0.16916504498257012
6.505,-8.893575916685855,-0.09855428939311794
6.51,-9.476233839158368,-0.02644159346272712
6.515000000000001,-9.882467214289825,0.044117248897115324
6.52,-10.102661282072592,0.11055625390351764
6.525,-10.131729436898528,0.17082227072883693
6.53,-9.969498769187124,0.2233772219988821
6.535,-9.620960815944306,0.26718176781984093
6.54,-9.096359764154743,0.30166342514839695
6.545,-8.411094706019464,0.3266723567401164
6.55,-7.58542051221019,0.342427867310809
6.555,-6.643943405537698,0.3494584678380783
6.56,-5.6149207330105355,0.3485383023020139
6.565,-4.5293868123738665,0.34062269400185596
6.57,-3.42013575279932,0.3267854852149712
6.575,-2.320597343433711,0.3081606197173302
6.58,-1.2636442327327586,0.28588990493548294
6.585,-0.2803690242984711,0.2610781262014916
6.59,0.6011297172552474,0.23475602606848833
6.595,0.8549252953982123,0.16261712766355912
6.600000000000001,0.6967033222761048,0.10389367641972305
