subject,trial,dominant_leg,mot_file,c3d_file,emg_file,output_csv,start_grf_idx,start_time_sec,end_mocap_idx,status
S02,1,R,D:\RESEARCH\STW_dataset\Extracted\S02\ExpData\Mocap\grfResults\stw1.mot,D:\RESEARCH\STW_dataset\Extracted\S02\ExpData\Mocap\stw1.c3d,D:\RESEARCH\STW_dataset\Extracted\S02\ExpData\EMG and IMU\Processed_Normalized_EMG\S02_stw1_processed_normalized_emg.csv,D:\RESEARCH\STW_dataset\Extracted\S02\ExpData\EMG and IMU\Cropped_EMG_RiseToHeelStrike\S02_stw1_cropped_rise_to_hs_emg.csv,3320,3.32,1145,success
S02,2,R,D:\RESEARCH\STW_dataset\Extracted\S02\ExpData\Mocap\grfResults\stw2.mot,D:\RESEARCH\STW_dataset\Extracted\S02\ExpData\Mocap\stw2.c3d,D:\RESEARCH\STW_dataset\Extracted\S02\ExpData\EMG and IMU\Processed_Normalized_EMG\S02_stw2_processed_normalized_emg.csv,D:\RESEARCH\STW_dataset\Extracted\S02\ExpData\EMG and IMU\Cropped_EMG_RiseToHeelStrike\S02_stw2_cropped_rise_to_hs_emg.csv,3311,3.311,1158,success
S03,1,R,D:\RESEARCH\STW_dataset\Extracted\S03\ExpData\Mocap\grfResults\stw1.mot,D:\RESEARCH\STW_dataset\Extracted\S03\ExpData\Mocap\stw1.c3d,D:\RESEARCH\STW_dataset\Extracted\S03\ExpData\EMG and IMU\Processed_Normalized_EMG\S03_stw1_processed_normalized_emg.csv,D:\RESEARCH\STW_dataset\Extracted\S03\ExpData\EMG and IMU\Cropped_EMG_RiseToHeelStrike\S03_stw1_cropped_rise_to_hs_emg.csv,2301,2.301,805,success
S03,2,R,D:\RESEARCH\STW_dataset\Extracted\S03\ExpData\Mocap\grfResults\stw2.mot,D:\RESEARCH\STW_dataset\Extracted\S03\ExpData\Mocap\stw2.c3d,D:\RESEARCH\STW_dataset\Extracted\S03\ExpData\EMG and IMU\Processed_Normalized_EMG\S03_stw2_processed_normalized_emg.csv,D:\RESEARCH\STW_dataset\Extracted\S03\ExpData\EMG and IMU\Cropped_EMG_RiseToHeelStrike\S03_stw2_cropped_rise_to_hs_emg.csv,1,0.001,931,success
S03,3,R,D:\RESEARCH\STW_dataset\Extracted\S03\ExpData\Mocap\grfResults\stw3.mot,D:\RESEARCH\STW_dataset\Extracted\S03\ExpData\Mocap\stw3.c3d,D:\RESEARCH\STW_dataset\Extracted\S03\ExpData\EMG and IMU\Processed_Normalized_EMG\S03_stw3_processed_normalized_emg.csv,D:\RESEARCH\STW_dataset\Extracted\S03\ExpData\EMG and IMU\Cropped_EMG_RiseToHeelStrike\S03_stw3_cropped_rise_to_hs_emg.csv,3063,3.063,948,success
S03,4,R,D:\RESEARCH\STW_dataset\Extracted\S03\ExpData\Mocap\grfResults\stw4.mot,D:\RESEARCH\STW_dataset\Extracted\S03\ExpData\Mocap\stw4.c3d,D:\RESEARCH\STW_dataset\Extracted\S03\ExpData\EMG and IMU\Processed_Normalized_EMG\S03_stw4_processed_normalized_emg.csv,D:\RESEARCH\STW_dataset\Extracted\S03\ExpData\EMG and IMU\Cropped_EMG_RiseToHeelStrike\S03_stw4_cropped_rise_to_hs_emg.csv,2944,2.944,936,success
S03,5,R,D:\RESEARCH\STW_dataset\Extracted\S03\ExpData\Mocap\grfResults\stw5.mot,D:\RESEARCH\STW_dataset\Extracted\S03\ExpData\Mocap\stw5.c3d,D:\RESEARCH\STW_dataset\Extracted\S03\ExpData\EMG and IMU\Processed_Normalized_EMG\S03_stw5_processed_normalized_emg.csv,D:\RESEARCH\STW_dataset\Extracted\S03\ExpData\EMG and IMU\Cropped_EMG_RiseToHeelStrike\S03_stw5_cropped_rise_to_hs_emg.csv,3406,3.406,1017,success
S04,1,R,D:\RESEARCH\STW_dataset\Extracted\S04\ExpData\Mocap\grfResults\stw1.mot,D:\RESEARCH\STW_dataset\Extracted\S04\ExpData\Mocap\stw1.c3d,D:\RESEARCH\STW_dataset\Extracted\S04\ExpData\EMG and IMU\Processed_Normalized_EMG\S04_stw1_processed_normalized_emg.csv,D:\RESEARCH\STW_dataset\Extracted\S04\ExpData\EMG and IMU\Cropped_EMG_RiseToHeelStrike\S04_stw1_cropped_rise_to_hs_emg.csv,3308,3.308,1041,success
S04,2,R,D:\RESEARCH\STW_dataset\Extracted\S04\ExpData\Mocap\grfResults\stw2.mot,D:\RESEARCH\STW_dataset\Extracted\S04\ExpData\Mocap\stw2.c3d,D:\RESEARCH\STW_dataset\Extracted\S04\ExpData\EMG and IMU\Processed_Normalized_EMG\S04_stw2_processed_normalized_emg.csv,D:\RESEARCH\STW_dataset\Extracted\S04\ExpData\EMG and IMU\Cropped_EMG_RiseToHeelStrike\S04_stw2_cropped_rise_to_hs_emg.csv,2526,2.526,1113,success
S04,3,R,D:\RESEARCH\STW_dataset\Extracted\S04\ExpData\Mocap\grfResults\stw3.mot,D:\RESEARCH\STW_dataset\Extracted\S04\ExpData\Mocap\stw3.c3d,D:\RESEARCH\STW_dataset\Extracted\S04\ExpData\EMG and IMU\Processed_Normalized_EMG\S04_stw3_processed_normalized_emg.csv,D:\RESEARCH\STW_dataset\Extracted\S04\ExpData\EMG and IMU\Cropped_EMG_RiseToHeelStrike\S04_stw3_cropped_rise_to_hs_emg.csv,3429,3.429,1106,success
S04,4,R,D:\RESEARCH\STW_dataset\Extracted\S04\ExpData\Mocap\grfResults\stw4.mot,D:\RESEARCH\STW_dataset\Extracted\S04\ExpData\Mocap\stw4.c3d,D:\RESEARCH\STW_dataset\Extracted\S04\ExpData\EMG and IMU\Processed_Normalized_EMG\S04_stw4_processed_normalized_emg.csv,D:\RESEARCH\STW_dataset\Extracted\S04\ExpData\EMG and IMU\Cropped_EMG_RiseToHeelStrike\S04_stw4_cropped_rise_to_hs_emg.csv,3830,3.83,1172,success
S04,5,R,D:\RESEARCH\STW_dataset\Extracted\S04\ExpData\Mocap\grfResults\stw5.mot,D:\RESEARCH\STW_dataset\Extracted\S04\ExpData\Mocap\stw5.c3d,D:\RESEARCH\STW_dataset\Extracted\S04\ExpData\EMG and IMU\Processed_Normalized_EMG\S04_stw5_processed_normalized_emg.csv,D:\RESEARCH\STW_dataset\Extracted\S04\ExpData\EMG and IMU\Cropped_EMG_RiseToHeelStrike\S04_stw5_cropped_rise_to_hs_emg.csv,3490,3.49,1096,success
S05,1,R,D:\RESEARCH\STW_dataset\Extracted\S05\ExpData\Mocap\grfResults\stw1.mot,D:\RESEARCH\STW_dataset\Extracted\S05\ExpData\Mocap\stw1.c3d,D:\RESEARCH\STW_dataset\Extracted\S05\ExpData\EMG and IMU\Processed_Normalized_EMG\S05_stw1_processed_normalized_emg.csv,D:\RESEARCH\STW_dataset\Extracted\S05\ExpData\EMG and IMU\Cropped_EMG_RiseToHeelStrike\S05_stw1_cropped_rise_to_hs_emg.csv,3054,3.054,903,success
S07,1,R,D:\RESEARCH\STW_dataset\Extracted\S07\ExpData\Mocap\grfResults\stw1.mot,D:\RESEARCH\STW_dataset\Extracted\S07\ExpData\Mocap\stw1.c3d,D:\RESEARCH\STW_dataset\Extracted\S07\ExpData\EMG and IMU\Processed_Normalized_EMG\S07_stw1_processed_normalized_emg.csv,D:\RESEARCH\STW_dataset\Extracted\S07\ExpData\EMG and IMU\Cropped_EMG_RiseToHeelStrike\S07_stw1_cropped_rise_to_hs_emg.csv,2793,2.793,1006,success
S07,2,R,D:\RESEARCH\STW_dataset\Extracted\S07\ExpData\Mocap\grfResults\stw2.mot,D:\RESEARCH\STW_dataset\Extracted\S07\ExpData\Mocap\stw2.c3d,D:\RESEARCH\STW_dataset\Extracted\S07\ExpData\EMG and IMU\Processed_Normalized_EMG\S07_stw2_processed_normalized_emg.csv,D:\RESEARCH\STW_dataset\Extracted\S07\ExpData\EMG and IMU\Cropped_EMG_RiseToHeelStrike\S07_stw2_cropped_rise_to_hs_emg.csv,2177,2.177,826,success
S07,3,R,D:\RESEARCH\STW_dataset\Extracted\S07\ExpData\Mocap\grfResults\stw3.mot,D:\RESEARCH\STW_dataset\Extracted\S07\ExpData\Mocap\stw3.c3d,D:\RESEARCH\STW_dataset\Extracted\S07\ExpData\EMG and IMU\Processed_Normalized_EMG\S07_stw3_processed_normalized_emg.csv,D:\RESEARCH\STW_dataset\Extracted\S07\ExpData\EMG and IMU\Cropped_EMG_RiseToHeelStrike\S07_stw3_cropped_rise_to_hs_emg.csv,1281,1.281,939,success
S07,4,R,D:\RESEARCH\STW_dataset\Extracted\S07\ExpData\Mocap\grfResults\stw4.mot,D:\RESEARCH\STW_dataset\Extracted\S07\ExpData\Mocap\stw4.c3d,D:\RESEARCH\STW_dataset\Extracted\S07\ExpData\EMG and IMU\Processed_Normalized_EMG\S07_stw4_processed_normalized_emg.csv,D:\RESEARCH\STW_dataset\Extracted\S07\ExpData\EMG and IMU\Cropped_EMG_RiseToHeelStrike\S07_stw4_cropped_rise_to_hs_emg.csv,2859,2.859,970,success
S07,5,R,D:\RESEARCH\STW_dataset\Extracted\S07\ExpData\Mocap\grfResults\stw5.mot,D:\RESEARCH\STW_dataset\Extracted\S07\ExpData\Mocap\stw5.c3d,D:\RESEARCH\STW_dataset\Extracted\S07\ExpData\EMG and IMU\Processed_Normalized_EMG\S07_stw5_processed_normalized_emg.csv,D:\RESEARCH\STW_dataset\Extracted\S07\ExpData\EMG and IMU\Cropped_EMG_RiseToHeelStrike\S07_stw5_cropped_rise_to_hs_emg.csv,3084,3.084,1036,success
S08,1,R,D:\RESEARCH\STW_dataset\Extracted\S08\ExpData\Mocap\grfResults\stw1.mot,D:\RESEARCH\STW_dataset\Extracted\S08\ExpData\Mocap\stw1.c3d,D:\RESEARCH\STW_dataset\Extracted\S08\ExpData\EMG and IMU\Processed_Normalized_EMG\S08_stw1_processed_normalized_emg.csv,D:\RESEARCH\STW_dataset\Extracted\S08\ExpData\EMG and IMU\Cropped_EMG_RiseToHeelStrike\S08_stw1_cropped_rise_to_hs_emg.csv,2677,2.677,939,success
S08,2,R,D:\RESEARCH\STW_dataset\Extracted\S08\ExpData\Mocap\grfResults\stw2.mot,D:\RESEARCH\STW_dataset\Extracted\S08\ExpData\Mocap\stw2.c3d,D:\RESEARCH\STW_dataset\Extracted\S08\ExpData\EMG and IMU\Processed_Normalized_EMG\S08_stw2_processed_normalized_emg.csv,D:\RESEARCH\STW_dataset\Extracted\S08\ExpData\EMG and IMU\Cropped_EMG_RiseToHeelStrike\S08_stw2_cropped_rise_to_hs_emg.csv,1999,1.999,1221,success
S08,3,R,D:\RESEARCH\STW_dataset\Extracted\S08\ExpData\Mocap\grfResults\stw3.mot,D:\RESEARCH\STW_dataset\Extracted\S08\ExpData\Mocap\stw3.c3d,D:\RESEARCH\STW_dataset\Extracted\S08\ExpData\EMG and IMU\Processed_Normalized_EMG\S08_stw3_processed_normalized_emg.csv,D:\RESEARCH\STW_dataset\Extracted\S08\ExpData\EMG and IMU\Cropped_EMG_RiseToHeelStrike\S08_stw3_cropped_rise_to_hs_emg.csv,3681,3.681,1114,success
S08,4,R,D:\RESEARCH\STW_dataset\Extracted\S08\ExpData\Mocap\grfResults\stw4.mot,D:\RESEARCH\STW_dataset\Extracted\S08\ExpData\Mocap\stw4.c3d,D:\RESEARCH\STW_dataset\Extracted\S08\ExpData\EMG and IMU\Processed_Normalized_EMG\S08_stw4_processed_normalized_emg.csv,D:\RESEARCH\STW_dataset\Extracted\S08\ExpData\EMG and IMU\Cropped_EMG_RiseToHeelStrike\S08_stw4_cropped_rise_to_hs_emg.csv,4150,4.15,1180,success
S08,5,R,D:\RESEARCH\STW_dataset\Extracted\S08\ExpData\Mocap\grfResults\stw5.mot,D:\RESEARCH\STW_dataset\Extracted\S08\ExpData\Mocap\stw5.c3d,D:\RESEARCH\STW_dataset\Extracted\S08\ExpData\EMG and IMU\Processed_Normalized_EMG\S08_stw5_processed_normalized_emg.csv,D:\RESEARCH\STW_dataset\Extracted\S08\ExpData\EMG and IMU\Cropped_EMG_RiseToHeelStrike\S08_stw5_cropped_rise_to_hs_emg.csv,4343,4.343,1253,success
S09,1,R,D:\RESEARCH\STW_dataset\Extracted\S09\ExpData\Mocap\grfResults\stw1.mot,D:\RESEARCH\STW_dataset\Extracted\S09\ExpData\Mocap\stw1.c3d,D:\RESEARCH\STW_dataset\Extracted\S09\ExpData\EMG and IMU\Processed_Normalized_EMG\S09_stw1_processed_normalized_emg.csv,D:\RESEARCH\STW_dataset\Extracted\S09\ExpData\EMG and IMU\Cropped_EMG_RiseToHeelStrike\S09_stw1_cropped_rise_to_hs_emg.csv,3507,3.507,1034,success
S09,2,R,D:\RESEARCH\STW_dataset\Extracted\S09\ExpData\Mocap\grfResults\stw2.mot,D:\RESEARCH\STW_dataset\Extracted\S09\ExpData\Mocap\stw2.c3d,D:\RESEARCH\STW_dataset\Extracted\S09\ExpData\EMG and IMU\Processed_Normalized_EMG\S09_stw2_processed_normalized_emg.csv,D:\RESEARCH\STW_dataset\Extracted\S09\ExpData\EMG and IMU\Cropped_EMG_RiseToHeelStrike\S09_stw2_cropped_rise_to_hs_emg.csv,3749,3.749,1098,success
S09,3,R,D:\RESEARCH\STW_dataset\Extracted\S09\ExpData\Mocap\grfResults\stw3.mot,D:\RESEARCH\STW_dataset\Extracted\S09\ExpData\Mocap\stw3.c3d,D:\RESEARCH\STW_dataset\Extracted\S09\ExpData\EMG and IMU\Processed_Normalized_EMG\S09_stw3_processed_normalized_emg.csv,D:\RESEARCH\STW_dataset\Extracted\S09\ExpData\EMG and IMU\Cropped_EMG_RiseToHeelStrike\S09_stw3_cropped_rise_to_hs_emg.csv,2739,2.739,974,success
S09,4,R,D:\RESEARCH\STW_dataset\Extracted\S09\ExpData\Mocap\grfResults\stw4.mot,D:\RESEARCH\STW_dataset\Extracted\S09\ExpData\Mocap\stw4.c3d,D:\RESEARCH\STW_dataset\Extracted\S09\ExpData\EMG and IMU\Processed_Normalized_EMG\S09_stw4_processed_normalized_emg.csv,D:\RESEARCH\STW_dataset\Extracted\S09\ExpData\EMG and IMU\Cropped_EMG_RiseToHeelStrike\S09_stw4_cropped_rise_to_hs_emg.csv,3343,3.343,1088,success
S09,5,R,D:\RESEARCH\STW_dataset\Extracted\S09\ExpData\Mocap\grfResults\stw5.mot,D:\RESEARCH\STW_dataset\Extracted\S09\ExpData\Mocap\stw5.c3d,D:\RESEARCH\STW_dataset\Extracted\S09\ExpData\EMG and IMU\Processed_Normalized_EMG\S09_stw5_processed_normalized_emg.csv,D:\RESEARCH\STW_dataset\Extracted\S09\ExpData\EMG and IMU\Cropped_EMG_RiseToHeelStrike\S09_stw5_cropped_rise_to_hs_emg.csv,2888,2.888,994,success
S10,1,R,D:\RESEARCH\STW_dataset\Extracted\S10\ExpData\Mocap\grfResults\stw1.mot,D:\RESEARCH\STW_dataset\Extracted\S10\ExpData\Mocap\stw1.c3d,D:\RESEARCH\STW_dataset\Extracted\S10\ExpData\EMG and IMU\Processed_Normalized_EMG\S10_stw1_processed_normalized_emg.csv,D:\RESEARCH\STW_dataset\Extracted\S10\ExpData\EMG and IMU\Cropped_EMG_RiseToHeelStrike\S10_stw1_cropped_rise_to_hs_emg.csv,3411,3.411,1093,success
S10,2,R,D:\RESEARCH\STW_dataset\Extracted\S10\ExpData\Mocap\grfResults\stw2.mot,D:\RESEARCH\STW_dataset\Extracted\S10\ExpData\Mocap\stw2.c3d,D:\RESEARCH\STW_dataset\Extracted\S10\ExpData\EMG and IMU\Processed_Normalized_EMG\S10_stw2_processed_normalized_emg.csv,D:\RESEARCH\STW_dataset\Extracted\S10\ExpData\EMG and IMU\Cropped_EMG_RiseToHeelStrike\S10_stw2_cropped_rise_to_hs_emg.csv,4998,4.998,1410,success
S10,3,R,D:\RESEARCH\STW_dataset\Extracted\S10\ExpData\Mocap\grfResults\stw3.mot,D:\RESEARCH\STW_dataset\Extracted\S10\ExpData\Mocap\stw3.c3d,D:\RESEARCH\STW_dataset\Extracted\S10\ExpData\EMG and IMU\Processed_Normalized_EMG\S10_stw3_processed_normalized_emg.csv,D:\RESEARCH\STW_dataset\Extracted\S10\ExpData\EMG and IMU\Cropped_EMG_RiseToHeelStrike\S10_stw3_cropped_rise_to_hs_emg.csv,3381,3.381,1087,success
S10,4,R,D:\RESEARCH\STW_dataset\Extracted\S10\ExpData\Mocap\grfResults\stw4.mot,D:\RESEARCH\STW_dataset\Extracted\S10\ExpData\Mocap\stw4.c3d,D:\RESEARCH\STW_dataset\Extracted\S10\ExpData\EMG and IMU\Processed_Normalized_EMG\S10_stw4_processed_normalized_emg.csv,D:\RESEARCH\STW_dataset\Extracted\S10\ExpData\EMG and IMU\Cropped_EMG_RiseToHeelStrike\S10_stw4_cropped_rise_to_hs_emg.csv,3990,3.99,1209,success
S10,5,R,D:\RESEARCH\STW_dataset\Extracted\S10\ExpData\Mocap\grfResults\stw5.mot,D:\RESEARCH\STW_dataset\Extracted\S10\ExpData\Mocap\stw5.c3d,D:\RESEARCH\STW_dataset\Extracted\S10\ExpData\EMG and IMU\Processed_Normalized_EMG\S10_stw5_processed_normalized_emg.csv,D:\RESEARCH\STW_dataset\Extracted\S10\ExpData\EMG and IMU\Cropped_EMG_RiseToHeelStrike\S10_stw5_cropped_rise_to_hs_emg.csv,3761,3.761,1168,success
S12,1,R,D:\RESEARCH\STW_dataset\Extracted\S12\ExpData\Mocap\grfResults\stw1.mot,D:\RESEARCH\STW_dataset\Extracted\S12\ExpData\Mocap\stw1.c3d,D:\RESEARCH\STW_dataset\Extracted\S12\ExpData\EMG and IMU\Processed_Normalized_EMG\S12_stw1_processed_normalized_emg.csv,D:\RESEARCH\STW_dataset\Extracted\S12\ExpData\EMG and IMU\Cropped_EMG_RiseToHeelStrike\S12_stw1_cropped_rise_to_hs_emg.csv,3442,3.442,1132,success
S12,2,R,D:\RESEARCH\STW_dataset\Extracted\S12\ExpData\Mocap\grfResults\stw2.mot,D:\RESEARCH\STW_dataset\Extracted\S12\ExpData\Mocap\stw2.c3d,D:\RESEARCH\STW_dataset\Extracted\S12\ExpData\EMG and IMU\Processed_Normalized_EMG\S12_stw2_processed_normalized_emg.csv,D:\RESEARCH\STW_dataset\Extracted\S12\ExpData\EMG and IMU\Cropped_EMG_RiseToHeelStrike\S12_stw2_cropped_rise_to_hs_emg.csv,3361,3.361,1103,success
S12,3,R,D:\RESEARCH\STW_dataset\Extracted\S12\ExpData\Mocap\grfResults\stw3.mot,D:\RESEARCH\STW_dataset\Extracted\S12\ExpData\Mocap\stw3.c3d,D:\RESEARCH\STW_dataset\Extracted\S12\ExpData\EMG and IMU\Processed_Normalized_EMG\S12_stw3_processed_normalized_emg.csv,D:\RESEARCH\STW_dataset\Extracted\S12\ExpData\EMG and IMU\Cropped_EMG_RiseToHeelStrike\S12_stw3_cropped_rise_to_hs_emg.csv,2585,2.585,938,success
S12,4,R,D:\RESEARCH\STW_dataset\Extracted\S12\ExpData\Mocap\grfResults\stw4.mot,D:\RESEARCH\STW_dataset\Extracted\S12\ExpData\Mocap\stw4.c3d,D:\RESEARCH\STW_dataset\Extracted\S12\ExpData\EMG and IMU\Processed_Normalized_EMG\S12_stw4_processed_normalized_emg.csv,D:\RESEARCH\STW_dataset\Extracted\S12\ExpData\EMG and IMU\Cropped_EMG_RiseToHeelStrike\S12_stw4_cropped_rise_to_hs_emg.csv,1679,1.679,940,success
S12,5,R,D:\RESEARCH\STW_dataset\Extracted\S12\ExpData\Mocap\grfResults\stw5.mot,D:\RESEARCH\STW_dataset\Extracted\S12\ExpData\Mocap\stw5.c3d,D:\RESEARCH\STW_dataset\Extracted\S12\ExpData\EMG and IMU\Processed_Normalized_EMG\S12_stw5_processed_normalized_emg.csv,D:\RESEARCH\STW_dataset\Extracted\S12\ExpData\EMG and IMU\Cropped_EMG_RiseToHeelStrike\S12_stw5_cropped_rise_to_hs_emg.csv,3903,3.903,1196,success
S15,1,L,D:\RESEARCH\STW_dataset\Extracted\S15\ExpData\Mocap\grfResults\stw1.mot,D:\RESEARCH\STW_dataset\Extracted\S15\ExpData\Mocap\stw1.c3d,D:\RESEARCH\STW_dataset\Extracted\S15\ExpData\EMG and IMU\Processed_Normalized_EMG\S15_stw1_processed_normalized_emg.csv,D:\RESEARCH\STW_dataset\Extracted\S15\ExpData\EMG and IMU\Cropped_EMG_RiseToHeelStrike\S15_stw1_cropped_rise_to_hs_emg.csv,3794,3.794,1215,success
S15,2,L,D:\RESEARCH\STW_dataset\Extracted\S15\ExpData\Mocap\grfResults\stw2.mot,D:\RESEARCH\STW_dataset\Extracted\S15\ExpData\Mocap\stw2.c3d,D:\RESEARCH\STW_dataset\Extracted\S15\ExpData\EMG and IMU\Processed_Normalized_EMG\S15_stw2_processed_normalized_emg.csv,D:\RESEARCH\STW_dataset\Extracted\S15\ExpData\EMG and IMU\Cropped_EMG_RiseToHeelStrike\S15_stw2_cropped_rise_to_hs_emg.csv,929,0.929,1202,success
S15,3,L,D:\RESEARCH\STW_dataset\Extracted\S15\ExpData\Mocap\grfResults\stw3.mot,D:\RESEARCH\STW_dataset\Extracted\S15\ExpData\Mocap\stw3.c3d,D:\RESEARCH\STW_dataset\Extracted\S15\ExpData\EMG and IMU\Processed_Normalized_EMG\S15_stw3_processed_normalized_emg.csv,D:\RESEARCH\STW_dataset\Extracted\S15\ExpData\EMG and IMU\Cropped_EMG_RiseToHeelStrike\S15_stw3_cropped_rise_to_hs_emg.csv,2833,2.833,1130,success
S15,4,L,D:\RESEARCH\STW_dataset\Extracted\S15\ExpData\Mocap\grfResults\stw4.mot,D:\RESEARCH\STW_dataset\Extracted\S15\ExpData\Mocap\stw4.c3d,D:\RESEARCH\STW_dataset\Extracted\S15\ExpData\EMG and IMU\Processed_Normalized_EMG\S15_stw4_processed_normalized_emg.csv,D:\RESEARCH\STW_dataset\Extracted\S15\ExpData\EMG and IMU\Cropped_EMG_RiseToHeelStrike\S15_stw4_cropped_rise_to_hs_emg.csv,3707,3.707,1201,success
S16,1,R,D:\RESEARCH\STW_dataset\Extracted\S16\ExpData\Mocap\grfResults\stw1.mot,D:\RESEARCH\STW_dataset\Extracted\S16\ExpData\Mocap\stw1.c3d,D:\RESEARCH\STW_dataset\Extracted\S16\ExpData\EMG and IMU\Processed_Normalized_EMG\S16_stw1_processed_normalized_emg.csv,D:\RESEARCH\STW_dataset\Extracted\S16\ExpData\EMG and IMU\Cropped_EMG_RiseToHeelStrike\S16_stw1_cropped_rise_to_hs_emg.csv,3251,3.251,954,success
S16,2,R,D:\RESEARCH\STW_dataset\Extracted\S16\ExpData\Mocap\grfResults\stw2.mot,D:\RESEARCH\STW_dataset\Extracted\S16\ExpData\Mocap\stw2.c3d,D:\RESEARCH\STW_dataset\Extracted\S16\ExpData\EMG and IMU\Processed_Normalized_EMG\S16_stw2_processed_normalized_emg.csv,D:\RESEARCH\STW_dataset\Extracted\S16\ExpData\EMG and IMU\Cropped_EMG_RiseToHeelStrike\S16_stw2_cropped_rise_to_hs_emg.csv,3784,3.784,1040,success
S16,3,R,D:\RESEARCH\STW_dataset\Extracted\S16\ExpData\Mocap\grfResults\stw3.mot,D:\RESEARCH\STW_dataset\Extracted\S16\ExpData\Mocap\stw3.c3d,D:\RESEARCH\STW_dataset\Extracted\S16\ExpData\EMG and IMU\Processed_Normalized_EMG\S16_stw3_processed_normalized_emg.csv,D:\RESEARCH\STW_dataset\Extracted\S16\ExpData\EMG and IMU\Cropped_EMG_RiseToHeelStrike\S16_stw3_cropped_rise_to_hs_emg.csv,3622,3.622,993,success
S16,4,R,D:\RESEARCH\STW_dataset\Extracted\S16\ExpData\Mocap\grfResults\stw4.mot,D:\RESEARCH\STW_dataset\Extracted\S16\ExpData\Mocap\stw4.c3d,D:\RESEARCH\STW_dataset\Extracted\S16\ExpData\EMG and IMU\Processed_Normalized_EMG\S16_stw4_processed_normalized_emg.csv,D:\RESEARCH\STW_dataset\Extracted\S16\ExpData\EMG and IMU\Cropped_EMG_RiseToHeelStrike\S16_stw4_cropped_rise_to_hs_emg.csv,3699,3.699,1015,success
S16,5,R,D:\RESEARCH\STW_dataset\Extracted\S16\ExpData\Mocap\grfResults\stw5.mot,D:\RESEARCH\STW_dataset\Extracted\S16\ExpData\Mocap\stw5.c3d,D:\RESEARCH\STW_dataset\Extracted\S16\ExpData\EMG and IMU\Processed_Normalized_EMG\S16_stw5_processed_normalized_emg.csv,D:\RESEARCH\STW_dataset\Extracted\S16\ExpData\EMG and IMU\Cropped_EMG_RiseToHeelStrike\S16_stw5_cropped_rise_to_hs_emg.csv,4242,4.242,1149,success
S17,1,R,D:\RESEARCH\STW_dataset\Extracted\S17\ExpData\Mocap\grfResults\stw1.mot,D:\RESEARCH\STW_dataset\Extracted\S17\ExpData\Mocap\stw1.c3d,D:\RESEARCH\STW_dataset\Extracted\S17\ExpData\EMG and IMU\Processed_Normalized_EMG\S17_stw1_processed_normalized_emg.csv,D:\RESEARCH\STW_dataset\Extracted\S17\ExpData\EMG and IMU\Cropped_EMG_RiseToHeelStrike\S17_stw1_cropped_rise_to_hs_emg.csv,3593,3.593,1194,success
S17,2,R,D:\RESEARCH\STW_dataset\Extracted\S17\ExpData\Mocap\grfResults\stw2.mot,D:\RESEARCH\STW_dataset\Extracted\S17\ExpData\Mocap\stw2.c3d,D:\RESEARCH\STW_dataset\Extracted\S17\ExpData\EMG and IMU\Processed_Normalized_EMG\S17_stw2_processed_normalized_emg.csv,D:\RESEARCH\STW_dataset\Extracted\S17\ExpData\EMG and IMU\Cropped_EMG_RiseToHeelStrike\S17_stw2_cropped_rise_to_hs_emg.csv,3642,3.642,1158,success
S17,3,R,D:\RESEARCH\STW_dataset\Extracted\S17\ExpData\Mocap\grfResults\stw3.mot,D:\RESEARCH\STW_dataset\Extracted\S17\ExpData\Mocap\stw3.c3d,D:\RESEARCH\STW_dataset\Extracted\S17\ExpData\EMG and IMU\Processed_Normalized_EMG\S17_stw3_processed_normalized_emg.csv,D:\RESEARCH\STW_dataset\Extracted\S17\ExpData\EMG and IMU\Cropped_EMG_RiseToHeelStrike\S17_stw3_cropped_rise_to_hs_emg.csv,3265,3.265,1071,success
S17,4,R,D:\RESEARCH\STW_dataset\Extracted\S17\ExpData\Mocap\grfResults\stw4.mot,D:\RESEARCH\STW_dataset\Extracted\S17\ExpData\Mocap\stw4.c3d,D:\RESEARCH\STW_dataset\Extracted\S17\ExpData\EMG and IMU\Processed_Normalized_EMG\S17_stw4_processed_normalized_emg.csv,D:\RESEARCH\STW_dataset\Extracted\S17\ExpData\EMG and IMU\Cropped_EMG_RiseToHeelStrike\S17_stw4_cropped_rise_to_hs_emg.csv,3283,3.283,1078,success
S17,5,R,D:\RESEARCH\STW_dataset\Extracted\S17\ExpData\Mocap\grfResults\stw5.mot,D:\RESEARCH\STW_dataset\Extracted\S17\ExpData\Mocap\stw5.c3d,D:\RESEARCH\STW_dataset\Extracted\S17\ExpData\EMG and IMU\Processed_Normalized_EMG\S17_stw5_processed_normalized_emg.csv,D:\RESEARCH\STW_dataset\Extracted\S17\ExpData\EMG and IMU\Cropped_EMG_RiseToHeelStrike\S17_stw5_cropped_rise_to_hs_emg.csv,3242,3.242,1073,success
S19,1,R,D:\RESEARCH\STW_dataset\Extracted\S19\ExpData\Mocap\grfResults\stw1.mot,D:\RESEARCH\STW_dataset\Extracted\S19\ExpData\Mocap\stw1.c3d,D:\RESEARCH\STW_dataset\Extracted\S19\ExpData\EMG and IMU\Processed_Normalized_EMG\S19_stw1_processed_normalized_emg.csv,D:\RESEARCH\STW_dataset\Extracted\S19\ExpData\EMG and IMU\Cropped_EMG_RiseToHeelStrike\S19_stw1_cropped_rise_to_hs_emg.csv,3913,3.913,1182,success
S19,2,R,D:\RESEARCH\STW_dataset\Extracted\S19\ExpData\Mocap\grfResults\stw2.mot,D:\RESEARCH\STW_dataset\Extracted\S19\ExpData\Mocap\stw2.c3d,D:\RESEARCH\STW_dataset\Extracted\S19\ExpData\EMG and IMU\Processed_Normalized_EMG\S19_stw2_processed_normalized_emg.csv,D:\RESEARCH\STW_dataset\Extracted\S19\ExpData\EMG and IMU\Cropped_EMG_RiseToHeelStrike\S19_stw2_cropped_rise_to_hs_emg.csv,3353,3.353,1042,success
S19,3,R,D:\RESEARCH\STW_dataset\Extracted\S19\ExpData\Mocap\grfResults\stw3.mot,D:\RESEARCH\STW_dataset\Extracted\S19\ExpData\Mocap\stw3.c3d,D:\RESEARCH\STW_dataset\Extracted\S19\ExpData\EMG and IMU\Processed_Normalized_EMG\S19_stw3_processed_normalized_emg.csv,D:\RESEARCH\STW_dataset\Extracted\S19\ExpData\EMG and IMU\Cropped_EMG_RiseToHeelStrike\S19_stw3_cropped_rise_to_hs_emg.csv,3074,3.074,1021,success
S20,1,R,D:\RESEARCH\STW_dataset\Extracted\S20\ExpData\Mocap\grfResults\stw1.mot,D:\RESEARCH\STW_dataset\Extracted\S20\ExpData\Mocap\stw1.c3d,D:\RESEARCH\STW_dataset\Extracted\S20\ExpData\EMG and IMU\Processed_Normalized_EMG\S20_stw1_processed_normalized_emg.csv,D:\RESEARCH\STW_dataset\Extracted\S20\ExpData\EMG and IMU\Cropped_EMG_RiseToHeelStrike\S20_stw1_cropped_rise_to_hs_emg.csv,2871,2.871,978,success
S20,2,R,D:\RESEARCH\STW_dataset\Extracted\S20\ExpData\Mocap\grfResults\stw2.mot,D:\RESEARCH\STW_dataset\Extracted\S20\ExpData\Mocap\stw2.c3d,D:\RESEARCH\STW_dataset\Extracted\S20\ExpData\EMG and IMU\Processed_Normalized_EMG\S20_stw2_processed_normalized_emg.csv,D:\RESEARCH\STW_dataset\Extracted\S20\ExpData\EMG and IMU\Cropped_EMG_RiseToHeelStrike\S20_stw2_cropped_rise_to_hs_emg.csv,3136,3.136,1012,success
S20,3,R,D:\RESEARCH\STW_dataset\Extracted\S20\ExpData\Mocap\grfResults\stw3.mot,D:\RESEARCH\STW_dataset\Extracted\S20\ExpData\Mocap\stw3.c3d,D:\RESEARCH\STW_dataset\Extracted\S20\ExpData\EMG and IMU\Processed_Normalized_EMG\S20_stw3_processed_normalized_emg.csv,D:\RESEARCH\STW_dataset\Extracted\S20\ExpData\EMG and IMU\Cropped_EMG_RiseToHeelStrike\S20_stw3_cropped_rise_to_hs_emg.csv,3576,3.576,1100,success
S20,4,R,D:\RESEARCH\STW_dataset\Extracted\S20\ExpData\Mocap\grfResults\stw4.mot,D:\RESEARCH\STW_dataset\Extracted\S20\ExpData\Mocap\stw4.c3d,D:\RESEARCH\STW_dataset\Extracted\S20\ExpData\EMG and IMU\Processed_Normalized_EMG\S20_stw4_processed_normalized_emg.csv,D:\RESEARCH\STW_dataset\Extracted\S20\ExpData\EMG and IMU\Cropped_EMG_RiseToHeelStrike\S20_stw4_cropped_rise_to_hs_emg.csv,3257,3.257,1048,success
S20,5,R,D:\RESEARCH\STW_dataset\Extracted\S20\ExpData\Mocap\grfResults\stw5.mot,D:\RESEARCH\STW_dataset\Extracted\S20\ExpData\Mocap\stw5.c3d,D:\RESEARCH\STW_dataset\Extracted\S20\ExpData\EMG and IMU\Processed_Normalized_EMG\S20_stw5_processed_normalized_emg.csv,D:\RESEARCH\STW_dataset\Extracted\S20\ExpData\EMG and IMU\Cropped_EMG_RiseToHeelStrike\S20_stw5_cropped_rise_to_hs_emg.csv,3270,3.27,1051,success
S22,1,R,D:\RESEARCH\STW_dataset\Extracted\S22\ExpData\Mocap\grfResults\stw1.mot,D:\RESEARCH\STW_dataset\Extracted\S22\ExpData\Mocap\stw1.c3d,D:\RESEARCH\STW_dataset\Extracted\S22\ExpData\EMG and IMU\Processed_Normalized_EMG\S22_stw1_processed_normalized_emg.csv,D:\RESEARCH\STW_dataset\Extracted\S22\ExpData\EMG and IMU\Cropped_EMG_RiseToHeelStrike\S22_stw1_cropped_rise_to_hs_emg.csv,3725,3.725,1135,success
S22,2,R,D:\RESEARCH\STW_dataset\Extracted\S22\ExpData\Mocap\grfResults\stw2.mot,D:\RESEARCH\STW_dataset\Extracted\S22\ExpData\Mocap\stw2.c3d,D:\RESEARCH\STW_dataset\Extracted\S22\ExpData\EMG and IMU\Processed_Normalized_EMG\S22_stw2_processed_normalized_emg.csv,D:\RESEARCH\STW_dataset\Extracted\S22\ExpData\EMG and IMU\Cropped_EMG_RiseToHeelStrike\S22_stw2_cropped_rise_to_hs_emg.csv,3198,3.198,1031,success
S22,3,R,D:\RESEARCH\STW_dataset\Extracted\S22\ExpData\Mocap\grfResults\stw3.mot,D:\RESEARCH\STW_dataset\Extracted\S22\ExpData\Mocap\stw3.c3d,D:\RESEARCH\STW_dataset\Extracted\S22\ExpData\EMG and IMU\Processed_Normalized_EMG\S22_stw3_processed_normalized_emg.csv,D:\RESEARCH\STW_dataset\Extracted\S22\ExpData\EMG and IMU\Cropped_EMG_RiseToHeelStrike\S22_stw3_cropped_rise_to_hs_emg.csv,2854,2.854,974,success
S22,4,R,D:\RESEARCH\STW_dataset\Extracted\S22\ExpData\Mocap\grfResults\stw4.mot,D:\RESEARCH\STW_dataset\Extracted\S22\ExpData\Mocap\stw4.c3d,D:\RESEARCH\STW_dataset\Extracted\S22\ExpData\EMG and IMU\Processed_Normalized_EMG\S22_stw4_processed_normalized_emg.csv,D:\RESEARCH\STW_dataset\Extracted\S22\ExpData\EMG and IMU\Cropped_EMG_RiseToHeelStrike\S22_stw4_cropped_rise_to_hs_emg.csv,1948,1.948,1051,success
S22,5,R,D:\RESEARCH\STW_dataset\Extracted\S22\ExpData\Mocap\grfResults\stw5.mot,D:\RESEARCH\STW_dataset\Extracted\S22\ExpData\Mocap\stw5.c3d,D:\RESEARCH\STW_dataset\Extracted\S22\ExpData\EMG and IMU\Processed_Normalized_EMG\S22_stw5_processed_normalized_emg.csv,D:\RESEARCH\STW_dataset\Extracted\S22\ExpData\EMG and IMU\Cropped_EMG_RiseToHeelStrike\S22_stw5_cropped_rise_to_hs_emg.csv,3599,3.599,1108,success
S23,1,R,D:\RESEARCH\STW_dataset\Extracted\S23\ExpData\Mocap\grfResults\stw1.mot,D:\RESEARCH\STW_dataset\Extracted\S23\ExpData\Mocap\stw1.c3d,D:\RESEARCH\STW_dataset\Extracted\S23\ExpData\EMG and IMU\Processed_Normalized_EMG\S23_stw1_processed_normalized_emg.csv,D:\RESEARCH\STW_dataset\Extracted\S23\ExpData\EMG and IMU\Cropped_EMG_RiseToHeelStrike\S23_stw1_cropped_rise_to_hs_emg.csv,1809,1.809,1001,success
S23,2,R,D:\RESEARCH\STW_dataset\Extracted\S23\ExpData\Mocap\grfResults\stw2.mot,D:\RESEARCH\STW_dataset\Extracted\S23\ExpData\Mocap\stw2.c3d,D:\RESEARCH\STW_dataset\Extracted\S23\ExpData\EMG and IMU\Processed_Normalized_EMG\S23_stw2_processed_normalized_emg.csv,D:\RESEARCH\STW_dataset\Extracted\S23\ExpData\EMG and IMU\Cropped_EMG_RiseToHeelStrike\S23_stw2_cropped_rise_to_hs_emg.csv,3157,3.157,996,success
S23,3,R,D:\RESEARCH\STW_dataset\Extracted\S23\ExpData\Mocap\grfResults\stw3.mot,D:\RESEARCH\STW_dataset\Extracted\S23\ExpData\Mocap\stw3.c3d,D:\RESEARCH\STW_dataset\Extracted\S23\ExpData\EMG and IMU\Processed_Normalized_EMG\S23_stw3_processed_normalized_emg.csv,D:\RESEARCH\STW_dataset\Extracted\S23\ExpData\EMG and IMU\Cropped_EMG_RiseToHeelStrike\S23_stw3_cropped_rise_to_hs_emg.csv,3832,3.832,1179,success
S23,4,R,D:\RESEARCH\STW_dataset\Extracted\S23\ExpData\Mocap\grfResults\stw4.mot,D:\RESEARCH\STW_dataset\Extracted\S23\ExpData\Mocap\stw4.c3d,D:\RESEARCH\STW_dataset\Extracted\S23\ExpData\EMG and IMU\Processed_Normalized_EMG\S23_stw4_processed_normalized_emg.csv,D:\RESEARCH\STW_dataset\Extracted\S23\ExpData\EMG and IMU\Cropped_EMG_RiseToHeelStrike\S23_stw4_cropped_rise_to_hs_emg.csv,1214,1.214,1075,success
S23,5,R,D:\RESEARCH\STW_dataset\Extracted\S23\ExpData\Mocap\grfResults\stw5.mot,D:\RESEARCH\STW_dataset\Extracted\S23\ExpData\Mocap\stw5.c3d,D:\RESEARCH\STW_dataset\Extracted\S23\ExpData\EMG and IMU\Processed_Normalized_EMG\S23_stw5_processed_normalized_emg.csv,D:\RESEARCH\STW_dataset\Extracted\S23\ExpData\EMG and IMU\Cropped_EMG_RiseToHeelStrike\S23_stw5_cropped_rise_to_hs_emg.csv,3296,3.296,1070,success
S25,1,R,D:\RESEARCH\STW_dataset\Extracted\S25\ExpData\Mocap\grfResults\stw1.mot,D:\RESEARCH\STW_dataset\Extracted\S25\ExpData\Mocap\stw1.c3d,D:\RESEARCH\STW_dataset\Extracted\S25\ExpData\EMG and IMU\Processed_Normalized_EMG\S25_stw1_processed_normalized_emg.csv,D:\RESEARCH\STW_dataset\Extracted\S25\ExpData\EMG and IMU\Cropped_EMG_RiseToHeelStrike\S25_stw1_cropped_rise_to_hs_emg.csv,3297,3.297,1485,success
S25,2,R,D:\RESEARCH\STW_dataset\Extracted\S25\ExpData\Mocap\grfResults\stw2.mot,D:\RESEARCH\STW_dataset\Extracted\S25\ExpData\Mocap\stw2.c3d,D:\RESEARCH\STW_dataset\Extracted\S25\ExpData\EMG and IMU\Processed_Normalized_EMG\S25_stw2_processed_normalized_emg.csv,D:\RESEARCH\STW_dataset\Extracted\S25\ExpData\EMG and IMU\Cropped_EMG_RiseToHeelStrike\S25_stw2_cropped_rise_to_hs_emg.csv,2680,2.68,1465,success
S25,3,R,D:\RESEARCH\STW_dataset\Extracted\S25\ExpData\Mocap\grfResults\stw3.mot,D:\RESEARCH\STW_dataset\Extracted\S25\ExpData\Mocap\stw3.c3d,D:\RESEARCH\STW_dataset\Extracted\S25\ExpData\EMG and IMU\Processed_Normalized_EMG\S25_stw3_processed_normalized_emg.csv,D:\RESEARCH\STW_dataset\Extracted\S25\ExpData\EMG and IMU\Cropped_EMG_RiseToHeelStrike\S25_stw3_cropped_rise_to_hs_emg.csv,2914,2.914,1416,success
S25,4,R,D:\RESEARCH\STW_dataset\Extracted\S25\ExpData\Mocap\grfResults\stw4.mot,D:\RESEARCH\STW_dataset\Extracted\S25\ExpData\Mocap\stw4.c3d,D:\RESEARCH\STW_dataset\Extracted\S25\ExpData\EMG and IMU\Processed_Normalized_EMG\S25_stw4_processed_normalized_emg.csv,D:\RESEARCH\STW_dataset\Extracted\S25\ExpData\EMG and IMU\Cropped_EMG_RiseToHeelStrike\S25_stw4_cropped_rise_to_hs_emg.csv,2923,2.923,1430,success
S25,5,R,D:\RESEARCH\STW_dataset\Extracted\S25\ExpData\Mocap\grfResults\stw5.mot,D:\RESEARCH\STW_dataset\Extracted\S25\ExpData\Mocap\stw5.c3d,D:\RESEARCH\STW_dataset\Extracted\S25\ExpData\EMG and IMU\Processed_Normalized_EMG\S25_stw5_processed_normalized_emg.csv,D:\RESEARCH\STW_dataset\Extracted\S25\ExpData\EMG and IMU\Cropped_EMG_RiseToHeelStrike\S25_stw5_cropped_rise_to_hs_emg.csv,3418,3.418,1546,success
S35,1,R,D:\RESEARCH\STW_dataset\Extracted\S35\ExpData\Mocap\grfResults\stw1.mot,D:\RESEARCH\STW_dataset\Extracted\S35\ExpData\Mocap\stw1.c3d,D:\RESEARCH\STW_dataset\Extracted\S35\ExpData\EMG and IMU\Processed_Normalized_EMG\S35_stw1_processed_normalized_emg.csv,D:\RESEARCH\STW_dataset\Extracted\S35\ExpData\EMG and IMU\Cropped_EMG_RiseToHeelStrike\S35_stw1_cropped_rise_to_hs_emg.csv,2179,2.179,813,success
S35,2,R,D:\RESEARCH\STW_dataset\Extracted\S35\ExpData\Mocap\grfResults\stw2.mot,D:\RESEARCH\STW_dataset\Extracted\S35\ExpData\Mocap\stw2.c3d,D:\RESEARCH\STW_dataset\Extracted\S35\ExpData\EMG and IMU\Processed_Normalized_EMG\S35_stw2_processed_normalized_emg.csv,D:\RESEARCH\STW_dataset\Extracted\S35\ExpData\EMG and IMU\Cropped_EMG_RiseToHeelStrike\S35_stw2_cropped_rise_to_hs_emg.csv,1804,1.804,864,success
S35,3,R,D:\RESEARCH\STW_dataset\Extracted\S35\ExpData\Mocap\grfResults\stw3.mot,D:\RESEARCH\STW_dataset\Extracted\S35\ExpData\Mocap\stw3.c3d,D:\RESEARCH\STW_dataset\Extracted\S35\ExpData\EMG and IMU\Processed_Normalized_EMG\S35_stw3_processed_normalized_emg.csv,D:\RESEARCH\STW_dataset\Extracted\S35\ExpData\EMG and IMU\Cropped_EMG_RiseToHeelStrike\S35_stw3_cropped_rise_to_hs_emg.csv,1933,1.933,743,success
S35,4,R,D:\RESEARCH\STW_dataset\Extracted\S35\ExpData\Mocap\grfResults\stw4.mot,D:\RESEARCH\STW_dataset\Extracted\S35\ExpData\Mocap\stw4.c3d,D:\RESEARCH\STW_dataset\Extracted\S35\ExpData\EMG and IMU\Processed_Normalized_EMG\S35_stw4_processed_normalized_emg.csv,D:\RESEARCH\STW_dataset\Extracted\S35\ExpData\EMG and IMU\Cropped_EMG_RiseToHeelStrike\S35_stw4_cropped_rise_to_hs_emg.csv,1986,1.986,771,success
S35,5,R,D:\RESEARCH\STW_dataset\Extracted\S35\ExpData\Mocap\grfResults\stw5.mot,D:\RESEARCH\STW_dataset\Extracted\S35\ExpData\Mocap\stw5.c3d,D:\RESEARCH\STW_dataset\Extracted\S35\ExpData\EMG and IMU\Processed_Normalized_EMG\S35_stw5_processed_normalized_emg.csv,D:\RESEARCH\STW_dataset\Extracted\S35\ExpData\EMG and IMU\Cropped_EMG_RiseToHeelStrike\S35_stw5_cropped_rise_to_hs_emg.csv,2471,2.471,844,success
S41,3,R,D:\RESEARCH\STW_dataset\Extracted\S41\ExpData\Mocap\grfResults\stw3.mot,D:\RESEARCH\STW_dataset\Extracted\S41\ExpData\Mocap\stw3.c3d,D:\RESEARCH\STW_dataset\Extracted\S41\ExpData\EMG and IMU\Processed_Normalized_EMG\S41_stw3_processed_normalized_emg.csv,D:\RESEARCH\STW_dataset\Extracted\S41\ExpData\EMG and IMU\Cropped_EMG_RiseToHeelStrike\S41_stw3_cropped_rise_to_hs_emg.csv,2646,2.646,947,success
S41,4,R,D:\RESEARCH\STW_dataset\Extracted\S41\ExpData\Mocap\grfResults\stw4.mot,D:\RESEARCH\STW_dataset\Extracted\S41\ExpData\Mocap\stw4.c3d,D:\RESEARCH\STW_dataset\Extracted\S41\ExpData\EMG and IMU\Processed_Normalized_EMG\S41_stw4_processed_normalized_emg.csv,D:\RESEARCH\STW_dataset\Extracted\S41\ExpData\EMG and IMU\Cropped_EMG_RiseToHeelStrike\S41_stw4_cropped_rise_to_hs_emg.csv,77,0.077,730,success
S46,1,R,D:\RESEARCH\STW_dataset\Extracted\S46\ExpData\Mocap\grfResults\stw1.mot,D:\RESEARCH\STW_dataset\Extracted\S46\ExpData\Mocap\stw1.c3d,D:\RESEARCH\STW_dataset\Extracted\S46\ExpData\EMG and IMU\Processed_Normalized_EMG\S46_stw1_processed_normalized_emg.csv,D:\RESEARCH\STW_dataset\Extracted\S46\ExpData\EMG and IMU\Cropped_EMG_RiseToHeelStrike\S46_stw1_cropped_rise_to_hs_emg.csv,2585,2.585,1301,success
S46,2,R,D:\RESEARCH\STW_dataset\Extracted\S46\ExpData\Mocap\grfResults\stw2.mot,D:\RESEARCH\STW_dataset\Extracted\S46\ExpData\Mocap\stw2.c3d,D:\RESEARCH\STW_dataset\Extracted\S46\ExpData\EMG and IMU\Processed_Normalized_EMG\S46_stw2_processed_normalized_emg.csv,D:\RESEARCH\STW_dataset\Extracted\S46\ExpData\EMG and IMU\Cropped_EMG_RiseToHeelStrike\S46_stw2_cropped_rise_to_hs_emg.csv,2956,2.956,1327,success
S46,3,R,D:\RESEARCH\STW_dataset\Extracted\S46\ExpData\Mocap\grfResults\stw3.mot,D:\RESEARCH\STW_dataset\Extracted\S46\ExpData\Mocap\stw3.c3d,D:\RESEARCH\STW_dataset\Extracted\S46\ExpData\EMG and IMU\Processed_Normalized_EMG\S46_stw3_processed_normalized_emg.csv,D:\RESEARCH\STW_dataset\Extracted\S46\ExpData\EMG and IMU\Cropped_EMG_RiseToHeelStrike\S46_stw3_cropped_rise_to_hs_emg.csv,2421,2.421,1253,success
S46,4,R,D:\RESEARCH\STW_dataset\Extracted\S46\ExpData\Mocap\grfResults\stw4.mot,D:\RESEARCH\STW_dataset\Extracted\S46\ExpData\Mocap\stw4.c3d,D:\RESEARCH\STW_dataset\Extracted\S46\ExpData\EMG and IMU\Processed_Normalized_EMG\S46_stw4_processed_normalized_emg.csv,D:\RESEARCH\STW_dataset\Extracted\S46\ExpData\EMG and IMU\Cropped_EMG_RiseToHeelStrike\S46_stw4_cropped_rise_to_hs_emg.csv,2724,2.724,1259,success
S46,5,R,D:\RESEARCH\STW_dataset\Extracted\S46\ExpData\Mocap\grfResults\stw5.mot,D:\RESEARCH\STW_dataset\Extracted\S46\ExpData\Mocap\stw5.c3d,D:\RESEARCH\STW_dataset\Extracted\S46\ExpData\EMG and IMU\Processed_Normalized_EMG\S46_stw5_processed_normalized_emg.csv,D:\RESEARCH\STW_dataset\Extracted\S46\ExpData\EMG and IMU\Cropped_EMG_RiseToHeelStrike\S46_stw5_cropped_rise_to_hs_emg.csv,2543,2.543,1289,success
S26,1,R,D:\RESEARCH\STW_dataset\Extracted\S26\ExpData\Mocap\grfResults\stw1.mot,D:\RESEARCH\STW_dataset\Extracted\S26\ExpData\Mocap\stw1.c3d,D:\RESEARCH\STW_dataset\Extracted\S26\ExpData\EMG and IMU\Processed_Normalized_EMG\S26_stw1_processed_normalized_emg.csv,D:\RESEARCH\STW_dataset\Extracted\S26\ExpData\EMG and IMU\Cropped_EMG_RiseToHeelStrike\S26_stw1_cropped_rise_to_hs_emg.csv,1724,1.724,1035,success
S26,2,R,D:\RESEARCH\STW_dataset\Extracted\S26\ExpData\Mocap\grfResults\stw2.mot,D:\RESEARCH\STW_dataset\Extracted\S26\ExpData\Mocap\stw2.c3d,D:\RESEARCH\STW_dataset\Extracted\S26\ExpData\EMG and IMU\Processed_Normalized_EMG\S26_stw2_processed_normalized_emg.csv,D:\RESEARCH\STW_dataset\Extracted\S26\ExpData\EMG and IMU\Cropped_EMG_RiseToHeelStrike\S26_stw2_cropped_rise_to_hs_emg.csv,2733,2.733,1034,success
S26,3,R,D:\RESEARCH\STW_dataset\Extracted\S26\ExpData\Mocap\grfResults\stw3.mot,D:\RESEARCH\STW_dataset\Extracted\S26\ExpData\Mocap\stw3.c3d,D:\RESEARCH\STW_dataset\Extracted\S26\ExpData\EMG and IMU\Processed_Normalized_EMG\S26_stw3_processed_normalized_emg.csv,D:\RESEARCH\STW_dataset\Extracted\S26\ExpData\EMG and IMU\Cropped_EMG_RiseToHeelStrike\S26_stw3_cropped_rise_to_hs_emg.csv,3302,3.302,1156,success
S26,4,R,D:\RESEARCH\STW_dataset\Extracted\S26\ExpData\Mocap\grfResults\stw4.mot,D:\RESEARCH\STW_dataset\Extracted\S26\ExpData\Mocap\stw4.c3d,D:\RESEARCH\STW_dataset\Extracted\S26\ExpData\EMG and IMU\Processed_Normalized_EMG\S26_stw4_processed_normalized_emg.csv,D:\RESEARCH\STW_dataset\Extracted\S26\ExpData\EMG and IMU\Cropped_EMG_RiseToHeelStrike\S26_stw4_cropped_rise_to_hs_emg.csv,2240,2.24,917,success
S26,5,R,D:\RESEARCH\STW_dataset\Extracted\S26\ExpData\Mocap\grfResults\stw5.mot,D:\RESEARCH\STW_dataset\Extracted\S26\ExpData\Mocap\stw5.c3d,D:\RESEARCH\STW_dataset\Extracted\S26\ExpData\EMG and IMU\Processed_Normalized_EMG\S26_stw5_processed_normalized_emg.csv,D:\RESEARCH\STW_dataset\Extracted\S26\ExpData\EMG and IMU\Cropped_EMG_RiseToHeelStrike\S26_stw5_cropped_rise_to_hs_emg.csv,2325,2.325,900,success
S29,1,R,D:\RESEARCH\STW_dataset\Extracted\S29\ExpData\Mocap\grfResults\stw1.mot,D:\RESEARCH\STW_dataset\Extracted\S29\ExpData\Mocap\stw1.c3d,D:\RESEARCH\STW_dataset\Extracted\S29\ExpData\EMG and IMU\Processed_Normalized_EMG\S29_stw1_processed_normalized_emg.csv,D:\RESEARCH\STW_dataset\Extracted\S29\ExpData\EMG and IMU\Cropped_EMG_RiseToHeelStrike\S29_stw1_cropped_rise_to_hs_emg.csv,3081,3.081,1028,success
S29,2,R,D:\RESEARCH\STW_dataset\Extracted\S29\ExpData\Mocap\grfResults\stw2.mot,D:\RESEARCH\STW_dataset\Extracted\S29\ExpData\Mocap\stw2.c3d,D:\RESEARCH\STW_dataset\Extracted\S29\ExpData\EMG and IMU\Processed_Normalized_EMG\S29_stw2_processed_normalized_emg.csv,D:\RESEARCH\STW_dataset\Extracted\S29\ExpData\EMG and IMU\Cropped_EMG_RiseToHeelStrike\S29_stw2_cropped_rise_to_hs_emg.csv,2904,2.904,1006,success
S29,3,R,D:\RESEARCH\STW_dataset\Extracted\S29\ExpData\Mocap\grfResults\stw3.mot,D:\RESEARCH\STW_dataset\Extracted\S29\ExpData\Mocap\stw3.c3d,D:\RESEARCH\STW_dataset\Extracted\S29\ExpData\EMG and IMU\Processed_Normalized_EMG\S29_stw3_processed_normalized_emg.csv,D:\RESEARCH\STW_dataset\Extracted\S29\ExpData\EMG and IMU\Cropped_EMG_RiseToHeelStrike\S29_stw3_cropped_rise_to_hs_emg.csv,2374,2.374,882,success
S29,5,R,D:\RESEARCH\STW_dataset\Extracted\S29\ExpData\Mocap\grfResults\stw5.mot,D:\RESEARCH\STW_dataset\Extracted\S29\ExpData\Mocap\stw5.c3d,D:\RESEARCH\STW_dataset\Extracted\S29\ExpData\EMG and IMU\Processed_Normalized_EMG\S29_stw5_processed_normalized_emg.csv,D:\RESEARCH\STW_dataset\Extracted\S29\ExpData\EMG and IMU\Cropped_EMG_RiseToHeelStrike\S29_stw5_cropped_rise_to_hs_emg.csv,2729,2.729,1034,success
S30,5,R,D:\RESEARCH\STW_dataset\Extracted\S30\ExpData\Mocap\grfResults\stw5.mot,D:\RESEARCH\STW_dataset\Extracted\S30\ExpData\Mocap\stw5.c3d,D:\RESEARCH\STW_dataset\Extracted\S30\ExpData\EMG and IMU\Processed_Normalized_EMG\S30_stw5_processed_normalized_emg.csv,D:\RESEARCH\STW_dataset\Extracted\S30\ExpData\EMG and IMU\Cropped_EMG_RiseToHeelStrike\S30_stw5_cropped_rise_to_hs_emg.csv,241,0.241,986,success
S32,3,R,D:\RESEARCH\STW_dataset\Extracted\S32\ExpData\Mocap\grfResults\stw3.mot,D:\RESEARCH\STW_dataset\Extracted\S32\ExpData\Mocap\stw3.c3d,D:\RESEARCH\STW_dataset\Extracted\S32\ExpData\EMG and IMU\Processed_Normalized_EMG\S32_stw3_processed_normalized_emg.csv,D:\RESEARCH\STW_dataset\Extracted\S32\ExpData\EMG and IMU\Cropped_EMG_RiseToHeelStrike\S32_stw3_cropped_rise_to_hs_emg.csv,3374,3.374,1271,success
S32,4,R,D:\RESEARCH\STW_dataset\Extracted\S32\ExpData\Mocap\grfResults\stw4.mot,D:\RESEARCH\STW_dataset\Extracted\S32\ExpData\Mocap\stw4.c3d,D:\RESEARCH\STW_dataset\Extracted\S32\ExpData\EMG and IMU\Processed_Normalized_EMG\S32_stw4_processed_normalized_emg.csv,D:\RESEARCH\STW_dataset\Extracted\S32\ExpData\EMG and IMU\Cropped_EMG_RiseToHeelStrike\S32_stw4_cropped_rise_to_hs_emg.csv,3648,3.648,1322,success
S32,5,R,D:\RESEARCH\STW_dataset\Extracted\S32\ExpData\Mocap\grfResults\stw5.mot,D:\RESEARCH\STW_dataset\Extracted\S32\ExpData\Mocap\stw5.c3d,D:\RESEARCH\STW_dataset\Extracted\S32\ExpData\EMG and IMU\Processed_Normalized_EMG\S32_stw5_processed_normalized_emg.csv,D:\RESEARCH\STW_dataset\Extracted\S32\ExpData\EMG and IMU\Cropped_EMG_RiseToHeelStrike\S32_stw5_cropped_rise_to_hs_emg.csv,2468,2.468,1206,success
S34,1,R,D:\RESEARCH\STW_dataset\Extracted\S34\ExpData\Mocap\grfResults\stw1.mot,D:\RESEARCH\STW_dataset\Extracted\S34\ExpData\Mocap\stw1.c3d,D:\RESEARCH\STW_dataset\Extracted\S34\ExpData\EMG and IMU\Processed_Normalized_EMG\S34_stw1_processed_normalized_emg.csv,D:\RESEARCH\STW_dataset\Extracted\S34\ExpData\EMG and IMU\Cropped_EMG_RiseToHeelStrike\S34_stw1_cropped_rise_to_hs_emg.csv,1842,1.842,932,success
S34,2,R,D:\RESEARCH\STW_dataset\Extracted\S34\ExpData\Mocap\grfResults\stw2.mot,D:\RESEARCH\STW_dataset\Extracted\S34\ExpData\Mocap\stw2.c3d,D:\RESEARCH\STW_dataset\Extracted\S34\ExpData\EMG and IMU\Processed_Normalized_EMG\S34_stw2_processed_normalized_emg.csv,D:\RESEARCH\STW_dataset\Extracted\S34\ExpData\EMG and IMU\Cropped_EMG_RiseToHeelStrike\S34_stw2_cropped_rise_to_hs_emg.csv,2435,2.435,1025,success
S34,3,R,D:\RESEARCH\STW_dataset\Extracted\S34\ExpData\Mocap\grfResults\stw3.mot,D:\RESEARCH\STW_dataset\Extracted\S34\ExpData\Mocap\stw3.c3d,D:\RESEARCH\STW_dataset\Extracted\S34\ExpData\EMG and IMU\Processed_Normalized_EMG\S34_stw3_processed_normalized_emg.csv,D:\RESEARCH\STW_dataset\Extracted\S34\ExpData\EMG and IMU\Cropped_EMG_RiseToHeelStrike\S34_stw3_cropped_rise_to_hs_emg.csv,2052,2.052,905,success
S34,4,R,D:\RESEARCH\STW_dataset\Extracted\S34\ExpData\Mocap\grfResults\stw4.mot,D:\RESEARCH\STW_dataset\Extracted\S34\ExpData\Mocap\stw4.c3d,D:\RESEARCH\STW_dataset\Extracted\S34\ExpData\EMG and IMU\Processed_Normalized_EMG\S34_stw4_processed_normalized_emg.csv,D:\RESEARCH\STW_dataset\Extracted\S34\ExpData\EMG and IMU\Cropped_EMG_RiseToHeelStrike\S34_stw4_cropped_rise_to_hs_emg.csv,2510,2.51,1011,success
S34,5,R,D:\RESEARCH\STW_dataset\Extracted\S34\ExpData\Mocap\grfResults\stw5.mot,D:\RESEARCH\STW_dataset\Extracted\S34\ExpData\Mocap\stw5.c3d,D:\RESEARCH\STW_dataset\Extracted\S34\ExpData\EMG and IMU\Processed_Normalized_EMG\S34_stw5_processed_normalized_emg.csv,D:\RESEARCH\STW_dataset\Extracted\S34\ExpData\EMG and IMU\Cropped_EMG_RiseToHeelStrike\S34_stw5_cropped_rise_to_hs_emg.csv,3019,3.019,1157,success
S37,2,R,D:\RESEARCH\STW_dataset\Extracted\S37\ExpData\Mocap\grfResults\stw2.mot,D:\RESEARCH\STW_dataset\Extracted\S37\ExpData\Mocap\stw2.c3d,D:\RESEARCH\STW_dataset\Extracted\S37\ExpData\EMG and IMU\Processed_Normalized_EMG\S37_stw2_processed_normalized_emg.csv,D:\RESEARCH\STW_dataset\Extracted\S37\ExpData\EMG and IMU\Cropped_EMG_RiseToHeelStrike\S37_stw2_cropped_rise_to_hs_emg.csv,2925,2.925,1226,success
S37,4,R,D:\RESEARCH\STW_dataset\Extracted\S37\ExpData\Mocap\grfResults\stw4.mot,D:\RESEARCH\STW_dataset\Extracted\S37\ExpData\Mocap\stw4.c3d,D:\RESEARCH\STW_dataset\Extracted\S37\ExpData\EMG and IMU\Processed_Normalized_EMG\S37_stw4_processed_normalized_emg.csv,D:\RESEARCH\STW_dataset\Extracted\S37\ExpData\EMG and IMU\Cropped_EMG_RiseToHeelStrike\S37_stw4_cropped_rise_to_hs_emg.csv,3546,3.546,1193,success
S37,5,R,D:\RESEARCH\STW_dataset\Extracted\S37\ExpData\Mocap\grfResults\stw5.mot,D:\RESEARCH\STW_dataset\Extracted\S37\ExpData\Mocap\stw5.c3d,D:\RESEARCH\STW_dataset\Extracted\S37\ExpData\EMG and IMU\Processed_Normalized_EMG\S37_stw5_processed_normalized_emg.csv,D:\RESEARCH\STW_dataset\Extracted\S37\ExpData\EMG and IMU\Cropped_EMG_RiseToHeelStrike\S37_stw5_cropped_rise_to_hs_emg.csv,2801,2.801,1089,success
S38,1,R,D:\RESEARCH\STW_dataset\Extracted\S38\ExpData\Mocap\grfResults\stw1.mot,D:\RESEARCH\STW_dataset\Extracted\S38\ExpData\Mocap\stw1.c3d,D:\RESEARCH\STW_dataset\Extracted\S38\ExpData\EMG and IMU\Processed_Normalized_EMG\S38_stw1_processed_normalized_emg.csv,D:\RESEARCH\STW_dataset\Extracted\S38\ExpData\EMG and IMU\Cropped_EMG_RiseToHeelStrike\S38_stw1_cropped_rise_to_hs_emg.csv,2573,2.573,1135,success
S38,2,R,D:\RESEARCH\STW_dataset\Extracted\S38\ExpData\Mocap\grfResults\stw2.mot,D:\RESEARCH\STW_dataset\Extracted\S38\ExpData\Mocap\stw2.c3d,D:\RESEARCH\STW_dataset\Extracted\S38\ExpData\EMG and IMU\Processed_Normalized_EMG\S38_stw2_processed_normalized_emg.csv,D:\RESEARCH\STW_dataset\Extracted\S38\ExpData\EMG and IMU\Cropped_EMG_RiseToHeelStrike\S38_stw2_cropped_rise_to_hs_emg.csv,2640,2.64,1200,success
S38,3,R,D:\RESEARCH\STW_dataset\Extracted\S38\ExpData\Mocap\grfResults\stw3.mot,D:\RESEARCH\STW_dataset\Extracted\S38\ExpData\Mocap\stw3.c3d,D:\RESEARCH\STW_dataset\Extracted\S38\ExpData\EMG and IMU\Processed_Normalized_EMG\S38_stw3_processed_normalized_emg.csv,D:\RESEARCH\STW_dataset\Extracted\S38\ExpData\EMG and IMU\Cropped_EMG_RiseToHeelStrike\S38_stw3_cropped_rise_to_hs_emg.csv,2815,2.815,1270,success
S38,4,R,D:\RESEARCH\STW_dataset\Extracted\S38\ExpData\Mocap\grfResults\stw4.mot,D:\RESEARCH\STW_dataset\Extracted\S38\ExpData\Mocap\stw4.c3d,D:\RESEARCH\STW_dataset\Extracted\S38\ExpData\EMG and IMU\Processed_Normalized_EMG\S38_stw4_processed_normalized_emg.csv,D:\RESEARCH\STW_dataset\Extracted\S38\ExpData\EMG and IMU\Cropped_EMG_RiseToHeelStrike\S38_stw4_cropped_rise_to_hs_emg.csv,3635,3.635,1373,success
S38,5,R,D:\RESEARCH\STW_dataset\Extracted\S38\ExpData\Mocap\grfResults\stw5.mot,D:\RESEARCH\STW_dataset\Extracted\S38\ExpData\Mocap\stw5.c3d,D:\RESEARCH\STW_dataset\Extracted\S38\ExpData\EMG and IMU\Processed_Normalized_EMG\S38_stw5_processed_normalized_emg.csv,D:\RESEARCH\STW_dataset\Extracted\S38\ExpData\EMG and IMU\Cropped_EMG_RiseToHeelStrike\S38_stw5_cropped_rise_to_hs_emg.csv,2640,2.64,1200,success
S43,1,R,D:\RESEARCH\STW_dataset\Extracted\S43\ExpData\Mocap\grfResults\stw1.mot,D:\RESEARCH\STW_dataset\Extracted\S43\ExpData\Mocap\stw1.c3d,D:\RESEARCH\STW_dataset\Extracted\S43\ExpData\EMG and IMU\Processed_Normalized_EMG\S43_stw1_processed_normalized_emg.csv,D:\RESEARCH\STW_dataset\Extracted\S43\ExpData\EMG and IMU\Cropped_EMG_RiseToHeelStrike\S43_stw1_cropped_rise_to_hs_emg.csv,3086,3.086,1212,success
S43,3,R,D:\RESEARCH\STW_dataset\Extracted\S43\ExpData\Mocap\grfResults\stw3.mot,D:\RESEARCH\STW_dataset\Extracted\S43\ExpData\Mocap\stw3.c3d,D:\RESEARCH\STW_dataset\Extracted\S43\ExpData\EMG and IMU\Processed_Normalized_EMG\S43_stw3_processed_normalized_emg.csv,D:\RESEARCH\STW_dataset\Extracted\S43\ExpData\EMG and IMU\Cropped_EMG_RiseToHeelStrike\S43_stw3_cropped_rise_to_hs_emg.csv,1056,1.056,1044,success
S43,4,R,D:\RESEARCH\STW_dataset\Extracted\S43\ExpData\Mocap\grfResults\stw4.mot,D:\RESEARCH\STW_dataset\Extracted\S43\ExpData\Mocap\stw4.c3d,D:\RESEARCH\STW_dataset\Extracted\S43\ExpData\EMG and IMU\Processed_Normalized_EMG\S43_stw4_processed_normalized_emg.csv,D:\RESEARCH\STW_dataset\Extracted\S43\ExpData\EMG and IMU\Cropped_EMG_RiseToHeelStrike\S43_stw4_cropped_rise_to_hs_emg.csv,1024,1.024,1147,success
S43,5,R,D:\RESEARCH\STW_dataset\Extracted\S43\ExpData\Mocap\grfResults\stw5.mot,D:\RESEARCH\STW_dataset\Extracted\S43\ExpData\Mocap\stw5.c3d,D:\RESEARCH\STW_dataset\Extracted\S43\ExpData\EMG and IMU\Processed_Normalized_EMG\S43_stw5_processed_normalized_emg.csv,D:\RESEARCH\STW_dataset\Extracted\S43\ExpData\EMG and IMU\Cropped_EMG_RiseToHeelStrike\S43_stw5_cropped_rise_to_hs_emg.csv,1406,1.406,1159,success
S60,1,R,D:\RESEARCH\STW_dataset\Extracted\S60\ExpData\Mocap\grfResults\stw1.mot,D:\RESEARCH\STW_dataset\Extracted\S60\ExpData\Mocap\stw1.c3d,D:\RESEARCH\STW_dataset\Extracted\S60\ExpData\EMG and IMU\Processed_Normalized_EMG\S60_stw1_processed_normalized_emg.csv,D:\RESEARCH\STW_dataset\Extracted\S60\ExpData\EMG and IMU\Cropped_EMG_RiseToHeelStrike\S60_stw1_cropped_rise_to_hs_emg.csv,2432,2.432,932,success
S60,4,R,D:\RESEARCH\STW_dataset\Extracted\S60\ExpData\Mocap\grfResults\stw4.mot,D:\RESEARCH\STW_dataset\Extracted\S60\ExpData\Mocap\stw4.c3d,D:\RESEARCH\STW_dataset\Extracted\S60\ExpData\EMG and IMU\Processed_Normalized_EMG\S60_stw4_processed_normalized_emg.csv,D:\RESEARCH\STW_dataset\Extracted\S60\ExpData\EMG and IMU\Cropped_EMG_RiseToHeelStrike\S60_stw4_cropped_rise_to_hs_emg.csv,1517,1.517,944,success
S60,5,R,D:\RESEARCH\STW_dataset\Extracted\S60\ExpData\Mocap\grfResults\stw5.mot,D:\RESEARCH\STW_dataset\Extracted\S60\ExpData\Mocap\stw5.c3d,D:\RESEARCH\STW_dataset\Extracted\S60\ExpData\EMG and IMU\Processed_Normalized_EMG\S60_stw5_processed_normalized_emg.csv,D:\RESEARCH\STW_dataset\Extracted\S60\ExpData\EMG and IMU\Cropped_EMG_RiseToHeelStrike\S60_stw5_cropped_rise_to_hs_emg.csv,2390,2.39,923,success
S64,1,R,D:\RESEARCH\STW_dataset\Extracted\S64\ExpData\Mocap\grfResults\stw1.mot,D:\RESEARCH\STW_dataset\Extracted\S64\ExpData\Mocap\stw1.c3d,D:\RESEARCH\STW_dataset\Extracted\S64\ExpData\EMG and IMU\Processed_Normalized_EMG\S64_stw1_processed_normalized_emg.csv,D:\RESEARCH\STW_dataset\Extracted\S64\ExpData\EMG and IMU\Cropped_EMG_RiseToHeelStrike\S64_stw1_cropped_rise_to_hs_emg.csv,2658,2.658,1036,success
S64,2,R,D:\RESEARCH\STW_dataset\Extracted\S64\ExpData\Mocap\grfResults\stw2.mot,D:\RESEARCH\STW_dataset\Extracted\S64\ExpData\Mocap\stw2.c3d,D:\RESEARCH\STW_dataset\Extracted\S64\ExpData\EMG and IMU\Processed_Normalized_EMG\S64_stw2_processed_normalized_emg.csv,D:\RESEARCH\STW_dataset\Extracted\S64\ExpData\EMG and IMU\Cropped_EMG_RiseToHeelStrike\S64_stw2_cropped_rise_to_hs_emg.csv,2508,2.508,951,success
S64,3,R,D:\RESEARCH\STW_dataset\Extracted\S64\ExpData\Mocap\grfResults\stw3.mot,D:\RESEARCH\STW_dataset\Extracted\S64\ExpData\Mocap\stw3.c3d,D:\RESEARCH\STW_dataset\Extracted\S64\ExpData\EMG and IMU\Processed_Normalized_EMG\S64_stw3_processed_normalized_emg.csv,D:\RESEARCH\STW_dataset\Extracted\S64\ExpData\EMG and IMU\Cropped_EMG_RiseToHeelStrike\S64_stw3_cropped_rise_to_hs_emg.csv,0,0.0,983,success
S64,4,R,D:\RESEARCH\STW_dataset\Extracted\S64\ExpData\Mocap\grfResults\stw4.mot,D:\RESEARCH\STW_dataset\Extracted\S64\ExpData\Mocap\stw4.c3d,D:\RESEARCH\STW_dataset\Extracted\S64\ExpData\EMG and IMU\Processed_Normalized_EMG\S64_stw4_processed_normalized_emg.csv,D:\RESEARCH\STW_dataset\Extracted\S64\ExpData\EMG and IMU\Cropped_EMG_RiseToHeelStrike\S64_stw4_cropped_rise_to_hs_emg.csv,2570,2.57,978,success
S64,5,R,D:\RESEARCH\STW_dataset\Extracted\S64\ExpData\Mocap\grfResults\stw5.mot,D:\RESEARCH\STW_dataset\Extracted\S64\ExpData\Mocap\stw5.c3d,D:\RESEARCH\STW_dataset\Extracted\S64\ExpData\EMG and IMU\Processed_Normalized_EMG\S64_stw5_processed_normalized_emg.csv,D:\RESEARCH\STW_dataset\Extracted\S64\ExpData\EMG and IMU\Cropped_EMG_RiseToHeelStrike\S64_stw5_cropped_rise_to_hs_emg.csv,2310,2.31,907,success
S65,1,R,D:\RESEARCH\STW_dataset\Extracted\S65\ExpData\Mocap\grfResults\stw1.mot,D:\RESEARCH\STW_dataset\Extracted\S65\ExpData\Mocap\stw1.c3d,D:\RESEARCH\STW_dataset\Extracted\S65\ExpData\EMG and IMU\Processed_Normalized_EMG\S65_stw1_processed_normalized_emg.csv,D:\RESEARCH\STW_dataset\Extracted\S65\ExpData\EMG and IMU\Cropped_EMG_RiseToHeelStrike\S65_stw1_cropped_rise_to_hs_emg.csv,1312,1.312,895,success
S65,2,R,D:\RESEARCH\STW_dataset\Extracted\S65\ExpData\Mocap\grfResults\stw2.mot,D:\RESEARCH\STW_dataset\Extracted\S65\ExpData\Mocap\stw2.c3d,D:\RESEARCH\STW_dataset\Extracted\S65\ExpData\EMG and IMU\Processed_Normalized_EMG\S65_stw2_processed_normalized_emg.csv,D:\RESEARCH\STW_dataset\Extracted\S65\ExpData\EMG and IMU\Cropped_EMG_RiseToHeelStrike\S65_stw2_cropped_rise_to_hs_emg.csv,1088,1.088,936,success
S65,3,R,D:\RESEARCH\STW_dataset\Extracted\S65\ExpData\Mocap\grfResults\stw3.mot,D:\RESEARCH\STW_dataset\Extracted\S65\ExpData\Mocap\stw3.c3d,D:\RESEARCH\STW_dataset\Extracted\S65\ExpData\EMG and IMU\Processed_Normalized_EMG\S65_stw3_processed_normalized_emg.csv,D:\RESEARCH\STW_dataset\Extracted\S65\ExpData\EMG and IMU\Cropped_EMG_RiseToHeelStrike\S65_stw3_cropped_rise_to_hs_emg.csv,892,0.892,918,success
S65,4,R,D:\RESEARCH\STW_dataset\Extracted\S65\ExpData\Mocap\grfResults\stw4.mot,D:\RESEARCH\STW_dataset\Extracted\S65\ExpData\Mocap\stw4.c3d,D:\RESEARCH\STW_dataset\Extracted\S65\ExpData\EMG and IMU\Processed_Normalized_EMG\S65_stw4_processed_normalized_emg.csv,D:\RESEARCH\STW_dataset\Extracted\S65\ExpData\EMG and IMU\Cropped_EMG_RiseToHeelStrike\S65_stw4_cropped_rise_to_hs_emg.csv,2556,2.556,897,success
S65,5,R,D:\RESEARCH\STW_dataset\Extracted\S65\ExpData\Mocap\grfResults\stw5.mot,D:\RESEARCH\STW_dataset\Extracted\S65\ExpData\Mocap\stw5.c3d,D:\RESEARCH\STW_dataset\Extracted\S65\ExpData\EMG and IMU\Processed_Normalized_EMG\S65_stw5_processed_normalized_emg.csv,D:\RESEARCH\STW_dataset\Extracted\S65\ExpData\EMG and IMU\Cropped_EMG_RiseToHeelStrike\S65_stw5_cropped_rise_to_hs_emg.csv,0,0.0,866,success
S40,1,R,D:\RESEARCH\STW_dataset\Extracted\S40\ExpData\Mocap\grfResults\stw1.mot,D:\RESEARCH\STW_dataset\Extracted\S40\ExpData\Mocap\stw1.c3d,D:\RESEARCH\STW_dataset\Extracted\S40\ExpData\EMG and IMU\Processed_Normalized_EMG\S40_stw1_processed_normalized_emg.csv,D:\RESEARCH\STW_dataset\Extracted\S40\ExpData\EMG and IMU\Cropped_EMG_RiseToHeelStrike\S40_stw1_cropped_rise_to_hs_emg.csv,2914,2.914,1115,success
S40,2,R,D:\RESEARCH\STW_dataset\Extracted\S40\ExpData\Mocap\grfResults\stw2.mot,D:\RESEARCH\STW_dataset\Extracted\S40\ExpData\Mocap\stw2.c3d,D:\RESEARCH\STW_dataset\Extracted\S40\ExpData\EMG and IMU\Processed_Normalized_EMG\S40_stw2_processed_normalized_emg.csv,D:\RESEARCH\STW_dataset\Extracted\S40\ExpData\EMG and IMU\Cropped_EMG_RiseToHeelStrike\S40_stw2_cropped_rise_to_hs_emg.csv,2641,2.641,1048,success
S40,3,R,D:\RESEARCH\STW_dataset\Extracted\S40\ExpData\Mocap\grfResults\stw3.mot,D:\RESEARCH\STW_dataset\Extracted\S40\ExpData\Mocap\stw3.c3d,D:\RESEARCH\STW_dataset\Extracted\S40\ExpData\EMG and IMU\Processed_Normalized_EMG\S40_stw3_processed_normalized_emg.csv,D:\RESEARCH\STW_dataset\Extracted\S40\ExpData\EMG and IMU\Cropped_EMG_RiseToHeelStrike\S40_stw3_cropped_rise_to_hs_emg.csv,1808,1.808,1011,success
S40,4,R,D:\RESEARCH\STW_dataset\Extracted\S40\ExpData\Mocap\grfResults\stw4.mot,D:\RESEARCH\STW_dataset\Extracted\S40\ExpData\Mocap\stw4.c3d,D:\RESEARCH\STW_dataset\Extracted\S40\ExpData\EMG and IMU\Processed_Normalized_EMG\S40_stw4_processed_normalized_emg.csv,D:\RESEARCH\STW_dataset\Extracted\S40\ExpData\EMG and IMU\Cropped_EMG_RiseToHeelStrike\S40_stw4_cropped_rise_to_hs_emg.csv,2227,2.227,905,success
S40,5,R,D:\RESEARCH\STW_dataset\Extracted\S40\ExpData\Mocap\grfResults\stw5.mot,D:\RESEARCH\STW_dataset\Extracted\S40\ExpData\Mocap\stw5.c3d,D:\RESEARCH\STW_dataset\Extracted\S40\ExpData\EMG and IMU\Processed_Normalized_EMG\S40_stw5_processed_normalized_emg.csv,D:\RESEARCH\STW_dataset\Extracted\S40\ExpData\EMG and IMU\Cropped_EMG_RiseToHeelStrike\S40_stw5_cropped_rise_to_hs_emg.csv,1826,1.826,844,success
S45,1,R,D:\RESEARCH\STW_dataset\Extracted\S45\ExpData\Mocap\grfResults\stw1.mot,D:\RESEARCH\STW_dataset\Extracted\S45\ExpData\Mocap\stw1.c3d,D:\RESEARCH\STW_dataset\Extracted\S45\ExpData\EMG and IMU\Processed_Normalized_EMG\S45_stw1_processed_normalized_emg.csv,D:\RESEARCH\STW_dataset\Extracted\S45\ExpData\EMG and IMU\Cropped_EMG_RiseToHeelStrike\S45_stw1_cropped_rise_to_hs_emg.csv,1017,1.017,1187,success
S45,2,R,D:\RESEARCH\STW_dataset\Extracted\S45\ExpData\Mocap\grfResults\stw2.mot,D:\RESEARCH\STW_dataset\Extracted\S45\ExpData\Mocap\stw2.c3d,D:\RESEARCH\STW_dataset\Extracted\S45\ExpData\EMG and IMU\Processed_Normalized_EMG\S45_stw2_processed_normalized_emg.csv,D:\RESEARCH\STW_dataset\Extracted\S45\ExpData\EMG and IMU\Cropped_EMG_RiseToHeelStrike\S45_stw2_cropped_rise_to_hs_emg.csv,2569,2.569,987,success
S45,3,R,D:\RESEARCH\STW_dataset\Extracted\S45\ExpData\Mocap\grfResults\stw3.mot,D:\RESEARCH\STW_dataset\Extracted\S45\ExpData\Mocap\stw3.c3d,D:\RESEARCH\STW_dataset\Extracted\S45\ExpData\EMG and IMU\Processed_Normalized_EMG\S45_stw3_processed_normalized_emg.csv,D:\RESEARCH\STW_dataset\Extracted\S45\ExpData\EMG and IMU\Cropped_EMG_RiseToHeelStrike\S45_stw3_cropped_rise_to_hs_emg.csv,2273,2.273,935,success
S45,4,R,D:\RESEARCH\STW_dataset\Extracted\S45\ExpData\Mocap\grfResults\stw4.mot,D:\RESEARCH\STW_dataset\Extracted\S45\ExpData\Mocap\stw4.c3d,D:\RESEARCH\STW_dataset\Extracted\S45\ExpData\EMG and IMU\Processed_Normalized_EMG\S45_stw4_processed_normalized_emg.csv,D:\RESEARCH\STW_dataset\Extracted\S45\ExpData\EMG and IMU\Cropped_EMG_RiseToHeelStrike\S45_stw4_cropped_rise_to_hs_emg.csv,2683,2.683,959,success
S45,5,R,D:\RESEARCH\STW_dataset\Extracted\S45\ExpData\Mocap\grfResults\stw5.mot,D:\RESEARCH\STW_dataset\Extracted\S45\ExpData\Mocap\stw5.c3d,D:\RESEARCH\STW_dataset\Extracted\S45\ExpData\EMG and IMU\Processed_Normalized_EMG\S45_stw5_processed_normalized_emg.csv,D:\RESEARCH\STW_dataset\Extracted\S45\ExpData\EMG and IMU\Cropped_EMG_RiseToHeelStrike\S45_stw5_cropped_rise_to_hs_emg.csv,2836,2.836,961,success
S47,1,R,D:\RESEARCH\STW_dataset\Extracted\S47\ExpData\Mocap\grfResults\stw1.mot,D:\RESEARCH\STW_dataset\Extracted\S47\ExpData\Mocap\stw1.c3d,D:\RESEARCH\STW_dataset\Extracted\S47\ExpData\EMG and IMU\Processed_Normalized_EMG\S47_stw1_processed_normalized_emg.csv,D:\RESEARCH\STW_dataset\Extracted\S47\ExpData\EMG and IMU\Cropped_EMG_RiseToHeelStrike\S47_stw1_cropped_rise_to_hs_emg.csv,2807,2.807,1105,success
S47,2,R,D:\RESEARCH\STW_dataset\Extracted\S47\ExpData\Mocap\grfResults\stw2.mot,D:\RESEARCH\STW_dataset\Extracted\S47\ExpData\Mocap\stw2.c3d,D:\RESEARCH\STW_dataset\Extracted\S47\ExpData\EMG and IMU\Processed_Normalized_EMG\S47_stw2_processed_normalized_emg.csv,D:\RESEARCH\STW_dataset\Extracted\S47\ExpData\EMG and IMU\Cropped_EMG_RiseToHeelStrike\S47_stw2_cropped_rise_to_hs_emg.csv,3082,3.082,1137,success
S47,3,R,D:\RESEARCH\STW_dataset\Extracted\S47\ExpData\Mocap\grfResults\stw3.mot,D:\RESEARCH\STW_dataset\Extracted\S47\ExpData\Mocap\stw3.c3d,D:\RESEARCH\STW_dataset\Extracted\S47\ExpData\EMG and IMU\Processed_Normalized_EMG\S47_stw3_processed_normalized_emg.csv,D:\RESEARCH\STW_dataset\Extracted\S47\ExpData\EMG and IMU\Cropped_EMG_RiseToHeelStrike\S47_stw3_cropped_rise_to_hs_emg.csv,1642,1.642,1008,success
S47,4,R,D:\RESEARCH\STW_dataset\Extracted\S47\ExpData\Mocap\grfResults\stw4.mot,D:\RESEARCH\STW_dataset\Extracted\S47\ExpData\Mocap\stw4.c3d,D:\RESEARCH\STW_dataset\Extracted\S47\ExpData\EMG and IMU\Processed_Normalized_EMG\S47_stw4_processed_normalized_emg.csv,D:\RESEARCH\STW_dataset\Extracted\S47\ExpData\EMG and IMU\Cropped_EMG_RiseToHeelStrike\S47_stw4_cropped_rise_to_hs_emg.csv,2246,2.246,948,success
S47,5,R,D:\RESEARCH\STW_dataset\Extracted\S47\ExpData\Mocap\grfResults\stw5.mot,D:\RESEARCH\STW_dataset\Extracted\S47\ExpData\Mocap\stw5.c3d,D:\RESEARCH\STW_dataset\Extracted\S47\ExpData\EMG and IMU\Processed_Normalized_EMG\S47_stw5_processed_normalized_emg.csv,D:\RESEARCH\STW_dataset\Extracted\S47\ExpData\EMG and IMU\Cropped_EMG_RiseToHeelStrike\S47_stw5_cropped_rise_to_hs_emg.csv,2409,2.409,956,success
S48,1,R,D:\RESEARCH\STW_dataset\Extracted\S48\ExpData\Mocap\grfResults\stw1.mot,D:\RESEARCH\STW_dataset\Extracted\S48\ExpData\Mocap\stw1.c3d,D:\RESEARCH\STW_dataset\Extracted\S48\ExpData\EMG and IMU\Processed_Normalized_EMG\S48_stw1_processed_normalized_emg.csv,D:\RESEARCH\STW_dataset\Extracted\S48\ExpData\EMG and IMU\Cropped_EMG_RiseToHeelStrike\S48_stw1_cropped_rise_to_hs_emg.csv,2099,2.099,983,success
S48,2,R,D:\RESEARCH\STW_dataset\Extracted\S48\ExpData\Mocap\grfResults\stw2.mot,D:\RESEARCH\STW_dataset\Extracted\S48\ExpData\Mocap\stw2.c3d,D:\RESEARCH\STW_dataset\Extracted\S48\ExpData\EMG and IMU\Processed_Normalized_EMG\S48_stw2_processed_normalized_emg.csv,D:\RESEARCH\STW_dataset\Extracted\S48\ExpData\EMG and IMU\Cropped_EMG_RiseToHeelStrike\S48_stw2_cropped_rise_to_hs_emg.csv,2142,2.142,977,success
S48,3,R,D:\RESEARCH\STW_dataset\Extracted\S48\ExpData\Mocap\grfResults\stw3.mot,D:\RESEARCH\STW_dataset\Extracted\S48\ExpData\Mocap\stw3.c3d,D:\RESEARCH\STW_dataset\Extracted\S48\ExpData\EMG and IMU\Processed_Normalized_EMG\S48_stw3_processed_normalized_emg.csv,D:\RESEARCH\STW_dataset\Extracted\S48\ExpData\EMG and IMU\Cropped_EMG_RiseToHeelStrike\S48_stw3_cropped_rise_to_hs_emg.csv,2137,2.137,960,success
S48,4,R,D:\RESEARCH\STW_dataset\Extracted\S48\ExpData\Mocap\grfResults\stw4.mot,D:\RESEARCH\STW_dataset\Extracted\S48\ExpData\Mocap\stw4.c3d,D:\RESEARCH\STW_dataset\Extracted\S48\ExpData\EMG and IMU\Processed_Normalized_EMG\S48_stw4_processed_normalized_emg.csv,D:\RESEARCH\STW_dataset\Extracted\S48\ExpData\EMG and IMU\Cropped_EMG_RiseToHeelStrike\S48_stw4_cropped_rise_to_hs_emg.csv,2009,2.009,1005,success
S48,5,R,D:\RESEARCH\STW_dataset\Extracted\S48\ExpData\Mocap\grfResults\stw5.mot,D:\RESEARCH\STW_dataset\Extracted\S48\ExpData\Mocap\stw5.c3d,D:\RESEARCH\STW_dataset\Extracted\S48\ExpData\EMG and IMU\Processed_Normalized_EMG\S48_stw5_processed_normalized_emg.csv,D:\RESEARCH\STW_dataset\Extracted\S48\ExpData\EMG and IMU\Cropped_EMG_RiseToHeelStrike\S48_stw5_cropped_rise_to_hs_emg.csv,2011,2.011,911,success
S49,1,R,D:\RESEARCH\STW_dataset\Extracted\S49\ExpData\Mocap\grfResults\stw1.mot,D:\RESEARCH\STW_dataset\Extracted\S49\ExpData\Mocap\stw1.c3d,D:\RESEARCH\STW_dataset\Extracted\S49\ExpData\EMG and IMU\Processed_Normalized_EMG\S49_stw1_processed_normalized_emg.csv,D:\RESEARCH\STW_dataset\Extracted\S49\ExpData\EMG and IMU\Cropped_EMG_RiseToHeelStrike\S49_stw1_cropped_rise_to_hs_emg.csv,1790,1.79,980,success
S49,2,R,D:\RESEARCH\STW_dataset\Extracted\S49\ExpData\Mocap\grfResults\stw2.mot,D:\RESEARCH\STW_dataset\Extracted\S49\ExpData\Mocap\stw2.c3d,D:\RESEARCH\STW_dataset\Extracted\S49\ExpData\EMG and IMU\Processed_Normalized_EMG\S49_stw2_processed_normalized_emg.csv,D:\RESEARCH\STW_dataset\Extracted\S49\ExpData\EMG and IMU\Cropped_EMG_RiseToHeelStrike\S49_stw2_cropped_rise_to_hs_emg.csv,2071,2.071,954,success
S49,3,R,D:\RESEARCH\STW_dataset\Extracted\S49\ExpData\Mocap\grfResults\stw3.mot,D:\RESEARCH\STW_dataset\Extracted\S49\ExpData\Mocap\stw3.c3d,D:\RESEARCH\STW_dataset\Extracted\S49\ExpData\EMG and IMU\Processed_Normalized_EMG\S49_stw3_processed_normalized_emg.csv,D:\RESEARCH\STW_dataset\Extracted\S49\ExpData\EMG and IMU\Cropped_EMG_RiseToHeelStrike\S49_stw3_cropped_rise_to_hs_emg.csv,2218,2.218,983,success
S49,4,R,D:\RESEARCH\STW_dataset\Extracted\S49\ExpData\Mocap\grfResults\stw4.mot,D:\RESEARCH\STW_dataset\Extracted\S49\ExpData\Mocap\stw4.c3d,D:\RESEARCH\STW_dataset\Extracted\S49\ExpData\EMG and IMU\Processed_Normalized_EMG\S49_stw4_processed_normalized_emg.csv,D:\RESEARCH\STW_dataset\Extracted\S49\ExpData\EMG and IMU\Cropped_EMG_RiseToHeelStrike\S49_stw4_cropped_rise_to_hs_emg.csv,2511,2.511,985,success
S49,5,R,D:\RESEARCH\STW_dataset\Extracted\S49\ExpData\Mocap\grfResults\stw5.mot,D:\RESEARCH\STW_dataset\Extracted\S49\ExpData\Mocap\stw5.c3d,D:\RESEARCH\STW_dataset\Extracted\S49\ExpData\EMG and IMU\Processed_Normalized_EMG\S49_stw5_processed_normalized_emg.csv,D:\RESEARCH\STW_dataset\Extracted\S49\ExpData\EMG and IMU\Cropped_EMG_RiseToHeelStrike\S49_stw5_cropped_rise_to_hs_emg.csv,2526,2.526,967,success
S50,1,R,D:\RESEARCH\STW_dataset\Extracted\S50\ExpData\Mocap\grfResults\stw1.mot,D:\RESEARCH\STW_dataset\Extracted\S50\ExpData\Mocap\stw1.c3d,D:\RESEARCH\STW_dataset\Extracted\S50\ExpData\EMG and IMU\Processed_Normalized_EMG\S50_stw1_processed_normalized_emg.csv,D:\RESEARCH\STW_dataset\Extracted\S50\ExpData\EMG and IMU\Cropped_EMG_RiseToHeelStrike\S50_stw1_cropped_rise_to_hs_emg.csv,2008,2.008,1130,success
S50,2,R,D:\RESEARCH\STW_dataset\Extracted\S50\ExpData\Mocap\grfResults\stw2.mot,D:\RESEARCH\STW_dataset\Extracted\S50\ExpData\Mocap\stw2.c3d,D:\RESEARCH\STW_dataset\Extracted\S50\ExpData\EMG and IMU\Processed_Normalized_EMG\S50_stw2_processed_normalized_emg.csv,D:\RESEARCH\STW_dataset\Extracted\S50\ExpData\EMG and IMU\Cropped_EMG_RiseToHeelStrike\S50_stw2_cropped_rise_to_hs_emg.csv,2955,2.955,1290,success
S50,3,R,D:\RESEARCH\STW_dataset\Extracted\S50\ExpData\Mocap\grfResults\stw3.mot,D:\RESEARCH\STW_dataset\Extracted\S50\ExpData\Mocap\stw3.c3d,D:\RESEARCH\STW_dataset\Extracted\S50\ExpData\EMG and IMU\Processed_Normalized_EMG\S50_stw3_processed_normalized_emg.csv,D:\RESEARCH\STW_dataset\Extracted\S50\ExpData\EMG and IMU\Cropped_EMG_RiseToHeelStrike\S50_stw3_cropped_rise_to_hs_emg.csv,1135,1.135,1216,success
S50,4,R,D:\RESEARCH\STW_dataset\Extracted\S50\ExpData\Mocap\grfResults\stw4.mot,D:\RESEARCH\STW_dataset\Extracted\S50\ExpData\Mocap\stw4.c3d,D:\RESEARCH\STW_dataset\Extracted\S50\ExpData\EMG and IMU\Processed_Normalized_EMG\S50_stw4_processed_normalized_emg.csv,D:\RESEARCH\STW_dataset\Extracted\S50\ExpData\EMG and IMU\Cropped_EMG_RiseToHeelStrike\S50_stw4_cropped_rise_to_hs_emg.csv,969,0.969,1230,success
S50,5,R,D:\RESEARCH\STW_dataset\Extracted\S50\ExpData\Mocap\grfResults\stw5.mot,D:\RESEARCH\STW_dataset\Extracted\S50\ExpData\Mocap\stw5.c3d,D:\RESEARCH\STW_dataset\Extracted\S50\ExpData\EMG and IMU\Processed_Normalized_EMG\S50_stw5_processed_normalized_emg.csv,D:\RESEARCH\STW_dataset\Extracted\S50\ExpData\EMG and IMU\Cropped_EMG_RiseToHeelStrike\S50_stw5_cropped_rise_to_hs_emg.csv,1144,1.144,1161,success
S51,2,R,D:\RESEARCH\STW_dataset\Extracted\S51\ExpData\Mocap\grfResults\stw2.mot,D:\RESEARCH\STW_dataset\Extracted\S51\ExpData\Mocap\stw2.c3d,D:\RESEARCH\STW_dataset\Extracted\S51\ExpData\EMG and IMU\Processed_Normalized_EMG\S51_stw2_processed_normalized_emg.csv,D:\RESEARCH\STW_dataset\Extracted\S51\ExpData\EMG and IMU\Cropped_EMG_RiseToHeelStrike\S51_stw2_cropped_rise_to_hs_emg.csv,2408,2.408,1113,success
S51,4,R,D:\RESEARCH\STW_dataset\Extracted\S51\ExpData\Mocap\grfResults\stw4.mot,D:\RESEARCH\STW_dataset\Extracted\S51\ExpData\Mocap\stw4.c3d,D:\RESEARCH\STW_dataset\Extracted\S51\ExpData\EMG and IMU\Processed_Normalized_EMG\S51_stw4_processed_normalized_emg.csv,D:\RESEARCH\STW_dataset\Extracted\S51\ExpData\EMG and IMU\Cropped_EMG_RiseToHeelStrike\S51_stw4_cropped_rise_to_hs_emg.csv,1934,1.934,1198,success
S51,5,R,D:\RESEARCH\STW_dataset\Extracted\S51\ExpData\Mocap\grfResults\stw5.mot,D:\RESEARCH\STW_dataset\Extracted\S51\ExpData\Mocap\stw5.c3d,D:\RESEARCH\STW_dataset\Extracted\S51\ExpData\EMG and IMU\Processed_Normalized_EMG\S51_stw5_processed_normalized_emg.csv,D:\RESEARCH\STW_dataset\Extracted\S51\ExpData\EMG and IMU\Cropped_EMG_RiseToHeelStrike\S51_stw5_cropped_rise_to_hs_emg.csv,2500,2.5,1248,success
S54,1,R,D:\RESEARCH\STW_dataset\Extracted\S54\ExpData\Mocap\grfResults\stw1.mot,D:\RESEARCH\STW_dataset\Extracted\S54\ExpData\Mocap\stw1.c3d,D:\RESEARCH\STW_dataset\Extracted\S54\ExpData\EMG and IMU\Processed_Normalized_EMG\S54_stw1_processed_normalized_emg.csv,D:\RESEARCH\STW_dataset\Extracted\S54\ExpData\EMG and IMU\Cropped_EMG_RiseToHeelStrike\S54_stw1_cropped_rise_to_hs_emg.csv,1759,1.759,908,success
S54,2,R,D:\RESEARCH\STW_dataset\Extracted\S54\ExpData\Mocap\grfResults\stw2.mot,D:\RESEARCH\STW_dataset\Extracted\S54\ExpData\Mocap\stw2.c3d,D:\RESEARCH\STW_dataset\Extracted\S54\ExpData\EMG and IMU\Processed_Normalized_EMG\S54_stw2_processed_normalized_emg.csv,D:\RESEARCH\STW_dataset\Extracted\S54\ExpData\EMG and IMU\Cropped_EMG_RiseToHeelStrike\S54_stw2_cropped_rise_to_hs_emg.csv,1280,1.28,1081,success
S54,3,R,D:\RESEARCH\STW_dataset\Extracted\S54\ExpData\Mocap\grfResults\stw3.mot,D:\RESEARCH\STW_dataset\Extracted\S54\ExpData\Mocap\stw3.c3d,D:\RESEARCH\STW_dataset\Extracted\S54\ExpData\EMG and IMU\Processed_Normalized_EMG\S54_stw3_processed_normalized_emg.csv,D:\RESEARCH\STW_dataset\Extracted\S54\ExpData\EMG and IMU\Cropped_EMG_RiseToHeelStrike\S54_stw3_cropped_rise_to_hs_emg.csv,987,0.987,1299,success
S54,4,R,D:\RESEARCH\STW_dataset\Extracted\S54\ExpData\Mocap\grfResults\stw4.mot,D:\RESEARCH\STW_dataset\Extracted\S54\ExpData\Mocap\stw4.c3d,D:\RESEARCH\STW_dataset\Extracted\S54\ExpData\EMG and IMU\Processed_Normalized_EMG\S54_stw4_processed_normalized_emg.csv,D:\RESEARCH\STW_dataset\Extracted\S54\ExpData\EMG and IMU\Cropped_EMG_RiseToHeelStrike\S54_stw4_cropped_rise_to_hs_emg.csv,2541,2.541,1230,success
S54,5,R,D:\RESEARCH\STW_dataset\Extracted\S54\ExpData\Mocap\grfResults\stw5.mot,D:\RESEARCH\STW_dataset\Extracted\S54\ExpData\Mocap\stw5.c3d,D:\RESEARCH\STW_dataset\Extracted\S54\ExpData\EMG and IMU\Processed_Normalized_EMG\S54_stw5_processed_normalized_emg.csv,D:\RESEARCH\STW_dataset\Extracted\S54\ExpData\EMG and IMU\Cropped_EMG_RiseToHeelStrike\S54_stw5_cropped_rise_to_hs_emg.csv,2664,2.664,1224,success
S55,1,R,D:\RESEARCH\STW_dataset\Extracted\S55\ExpData\Mocap\grfResults\stw1.mot,D:\RESEARCH\STW_dataset\Extracted\S55\ExpData\Mocap\stw1.c3d,D:\RESEARCH\STW_dataset\Extracted\S55\ExpData\EMG and IMU\Processed_Normalized_EMG\S55_stw1_processed_normalized_emg.csv,D:\RESEARCH\STW_dataset\Extracted\S55\ExpData\EMG and IMU\Cropped_EMG_RiseToHeelStrike\S55_stw1_cropped_rise_to_hs_emg.csv,2594,2.594,1028,success
S55,2,R,D:\RESEARCH\STW_dataset\Extracted\S55\ExpData\Mocap\grfResults\stw2.mot,D:\RESEARCH\STW_dataset\Extracted\S55\ExpData\Mocap\stw2.c3d,D:\RESEARCH\STW_dataset\Extracted\S55\ExpData\EMG and IMU\Processed_Normalized_EMG\S55_stw2_processed_normalized_emg.csv,D:\RESEARCH\STW_dataset\Extracted\S55\ExpData\EMG and IMU\Cropped_EMG_RiseToHeelStrike\S55_stw2_cropped_rise_to_hs_emg.csv,2632,2.632,1082,success
S55,3,R,D:\RESEARCH\STW_dataset\Extracted\S55\ExpData\Mocap\grfResults\stw3.mot,D:\RESEARCH\STW_dataset\Extracted\S55\ExpData\Mocap\stw3.c3d,D:\RESEARCH\STW_dataset\Extracted\S55\ExpData\EMG and IMU\Processed_Normalized_EMG\S55_stw3_processed_normalized_emg.csv,D:\RESEARCH\STW_dataset\Extracted\S55\ExpData\EMG and IMU\Cropped_EMG_RiseToHeelStrike\S55_stw3_cropped_rise_to_hs_emg.csv,2952,2.952,1117,success
S55,5,R,D:\RESEARCH\STW_dataset\Extracted\S55\ExpData\Mocap\grfResults\stw5.mot,D:\RESEARCH\STW_dataset\Extracted\S55\ExpData\Mocap\stw5.c3d,D:\RESEARCH\STW_dataset\Extracted\S55\ExpData\EMG and IMU\Processed_Normalized_EMG\S55_stw5_processed_normalized_emg.csv,D:\RESEARCH\STW_dataset\Extracted\S55\ExpData\EMG and IMU\Cropped_EMG_RiseToHeelStrike\S55_stw5_cropped_rise_to_hs_emg.csv,3065,3.065,1166,success
S56,4,R,D:\RESEARCH\STW_dataset\Extracted\S56\ExpData\Mocap\grfResults\stw4.mot,D:\RESEARCH\STW_dataset\Extracted\S56\ExpData\Mocap\stw4.c3d,D:\RESEARCH\STW_dataset\Extracted\S56\ExpData\EMG and IMU\Processed_Normalized_EMG\S56_stw4_processed_normalized_emg.csv,D:\RESEARCH\STW_dataset\Extracted\S56\ExpData\EMG and IMU\Cropped_EMG_RiseToHeelStrike\S56_stw4_cropped_rise_to_hs_emg.csv,2829,2.829,1088,success
S57,1,R,D:\RESEARCH\STW_dataset\Extracted\S57\ExpData\Mocap\grfResults\stw1.mot,D:\RESEARCH\STW_dataset\Extracted\S57\ExpData\Mocap\stw1.c3d,D:\RESEARCH\STW_dataset\Extracted\S57\ExpData\EMG and IMU\Processed_Normalized_EMG\S57_stw1_processed_normalized_emg.csv,D:\RESEARCH\STW_dataset\Extracted\S57\ExpData\EMG and IMU\Cropped_EMG_RiseToHeelStrike\S57_stw1_cropped_rise_to_hs_emg.csv,939,0.939,895,success
S57,2,R,D:\RESEARCH\STW_dataset\Extracted\S57\ExpData\Mocap\grfResults\stw2.mot,D:\RESEARCH\STW_dataset\Extracted\S57\ExpData\Mocap\stw2.c3d,D:\RESEARCH\STW_dataset\Extracted\S57\ExpData\EMG and IMU\Processed_Normalized_EMG\S57_stw2_processed_normalized_emg.csv,D:\RESEARCH\STW_dataset\Extracted\S57\ExpData\EMG and IMU\Cropped_EMG_RiseToHeelStrike\S57_stw2_cropped_rise_to_hs_emg.csv,2256,2.256,984,success
S57,3,R,D:\RESEARCH\STW_dataset\Extracted\S57\ExpData\Mocap\grfResults\stw3.mot,D:\RESEARCH\STW_dataset\Extracted\S57\ExpData\Mocap\stw3.c3d,D:\RESEARCH\STW_dataset\Extracted\S57\ExpData\EMG and IMU\Processed_Normalized_EMG\S57_stw3_processed_normalized_emg.csv,D:\RESEARCH\STW_dataset\Extracted\S57\ExpData\EMG and IMU\Cropped_EMG_RiseToHeelStrike\S57_stw3_cropped_rise_to_hs_emg.csv,1292,1.292,940,success
S57,4,R,D:\RESEARCH\STW_dataset\Extracted\S57\ExpData\Mocap\grfResults\stw4.mot,D:\RESEARCH\STW_dataset\Extracted\S57\ExpData\Mocap\stw4.c3d,D:\RESEARCH\STW_dataset\Extracted\S57\ExpData\EMG and IMU\Processed_Normalized_EMG\S57_stw4_processed_normalized_emg.csv,D:\RESEARCH\STW_dataset\Extracted\S57\ExpData\EMG and IMU\Cropped_EMG_RiseToHeelStrike\S57_stw4_cropped_rise_to_hs_emg.csv,2238,2.238,937,success
S57,5,R,D:\RESEARCH\STW_dataset\Extracted\S57\ExpData\Mocap\grfResults\stw5.mot,D:\RESEARCH\STW_dataset\Extracted\S57\ExpData\Mocap\stw5.c3d,D:\RESEARCH\STW_dataset\Extracted\S57\ExpData\EMG and IMU\Processed_Normalized_EMG\S57_stw5_processed_normalized_emg.csv,D:\RESEARCH\STW_dataset\Extracted\S57\ExpData\EMG and IMU\Cropped_EMG_RiseToHeelStrike\S57_stw5_cropped_rise_to_hs_emg.csv,2912,2.912,1072,success
S63,1,R,D:\RESEARCH\STW_dataset\Extracted\S63\ExpData\Mocap\grfResults\stw1.mot,D:\RESEARCH\STW_dataset\Extracted\S63\ExpData\Mocap\stw1.c3d,D:\RESEARCH\STW_dataset\Extracted\S63\ExpData\EMG and IMU\Processed_Normalized_EMG\S63_stw1_processed_normalized_emg.csv,D:\RESEARCH\STW_dataset\Extracted\S63\ExpData\EMG and IMU\Cropped_EMG_RiseToHeelStrike\S63_stw1_cropped_rise_to_hs_emg.csv,2674,2.674,1030,success
S63,2,R,D:\RESEARCH\STW_dataset\Extracted\S63\ExpData\Mocap\grfResults\stw2.mot,D:\RESEARCH\STW_dataset\Extracted\S63\ExpData\Mocap\stw2.c3d,D:\RESEARCH\STW_dataset\Extracted\S63\ExpData\EMG and IMU\Processed_Normalized_EMG\S63_stw2_processed_normalized_emg.csv,D:\RESEARCH\STW_dataset\Extracted\S63\ExpData\EMG and IMU\Cropped_EMG_RiseToHeelStrike\S63_stw2_cropped_rise_to_hs_emg.csv,2329,2.329,966,success
S63,3,R,D:\RESEARCH\STW_dataset\Extracted\S63\ExpData\Mocap\grfResults\stw3.mot,D:\RESEARCH\STW_dataset\Extracted\S63\ExpData\Mocap\stw3.c3d,D:\RESEARCH\STW_dataset\Extracted\S63\ExpData\EMG and IMU\Processed_Normalized_EMG\S63_stw3_processed_normalized_emg.csv,D:\RESEARCH\STW_dataset\Extracted\S63\ExpData\EMG and IMU\Cropped_EMG_RiseToHeelStrike\S63_stw3_cropped_rise_to_hs_emg.csv,2814,2.814,1044,success
S63,4,R,D:\RESEARCH\STW_dataset\Extracted\S63\ExpData\Mocap\grfResults\stw4.mot,D:\RESEARCH\STW_dataset\Extracted\S63\ExpData\Mocap\stw4.c3d,D:\RESEARCH\STW_dataset\Extracted\S63\ExpData\EMG and IMU\Processed_Normalized_EMG\S63_stw4_processed_normalized_emg.csv,D:\RESEARCH\STW_dataset\Extracted\S63\ExpData\EMG and IMU\Cropped_EMG_RiseToHeelStrike\S63_stw4_cropped_rise_to_hs_emg.csv,2444,2.444,958,success
S63,5,R,D:\RESEARCH\STW_dataset\Extracted\S63\ExpData\Mocap\grfResults\stw5.mot,D:\RESEARCH\STW_dataset\Extracted\S63\ExpData\Mocap\stw5.c3d,D:\RESEARCH\STW_dataset\Extracted\S63\ExpData\EMG and IMU\Processed_Normalized_EMG\S63_stw5_processed_normalized_emg.csv,D:\RESEARCH\STW_dataset\Extracted\S63\ExpData\EMG and IMU\Cropped_EMG_RiseToHeelStrike\S63_stw5_cropped_rise_to_hs_emg.csv,2608,2.608,973,success
