muscle_column,emg_fs,start_grf_idx,end_mocap_idx,mapped_start_emg_idx,mapped_end_emg_idx,cropped_length,status,subject,trial
Tibialis Anterior (%),1259,3320,1145,4180,7208,3028,success,S02,1
Gastrocnemius Medialis (%),1778,3320,1145,5903,10179,4276,success,S02,1
Gastrocnemius Lateralis (%),1778,3320,1145,5903,10179,4276,success,S02,1
Rectus Femoris (%),1259,3320,1145,4180,7208,3028,success,S02,1
Vastus Lateralis (%),1778,3320,1145,5903,10179,4276,success,S02,1
Vastus Medialis (%),1778,3320,1145,5903,10179,4276,success,S02,1
Semitendinosus (%),1259,3320,1145,4180,7208,3028,success,S02,1
Bicep Femoris (%),1259,3320,1145,4180,7208,3028,success,S02,1
Tibialis Anterior (%),1259,3311,1158,4169,7290,3121,success,S02,2
Gastrocnemius Medialis (%),1778,3311,1158,5887,10295,4408,success,S02,2
Gastrocnemius Lateralis (%),1778,3311,1158,5887,10295,4408,success,S02,2
Rectus Femoris (%),1259,3311,1158,4169,7290,3121,success,S02,2
Vastus Lateralis (%),1778,3311,1158,5887,10295,4408,success,S02,2
Vastus Medialis (%),1778,3311,1158,5887,10295,4408,success,S02,2
Semitendinosus (%),1259,3311,1158,4169,7290,3121,success,S02,2
Bicep Femoris (%),1259,3311,1158,4169,7290,3121,success,S02,2
Tibialis Anterior (%),1259,2301,805,2897,5067,2170,success,S03,1
Gastrocnemius Medialis (%),1778,2301,805,4091,7156,3065,success,S03,1
Gastrocnemius Lateralis (%),1778,2301,805,4091,7156,3065,success,S03,1
Rectus Femoris (%),1259,2301,805,2897,5067,2170,success,S03,1
Vastus Lateralis (%),1778,2301,805,4091,7156,3065,success,S03,1
Vastus Medialis (%),1778,2301,805,4091,7156,3065,success,S03,1
Semitendinosus (%),1259,2301,805,2897,5067,2170,success,S03,1
Bicep Femoris (%),1259,2301,805,2897,5067,2170,success,S03,1
Tibialis Anterior (%),1259,1,931,1,5861,5860,success,S03,2
Gastrocnemius Medialis (%),1778,1,931,2,8277,8275,success,S03,2
Gastrocnemius Lateralis (%),1778,1,931,2,8277,8275,success,S03,2
Rectus Femoris (%),1259,1,931,1,5861,5860,success,S03,2
Vastus Lateralis (%),1778,1,931,2,8277,8275,success,S03,2
Vastus Medialis (%),1778,1,931,2,8277,8275,success,S03,2
Semitendinosus (%),1259,1,931,1,5861,5860,success,S03,2
Bicep Femoris (%),1259,1,931,1,5861,5860,success,S03,2
Tibialis Anterior (%),1259,3063,948,3856,5968,2112,success,S03,3
Gastrocnemius Medialis (%),1778,3063,948,5446,8428,2982,success,S03,3
Gastrocnemius Lateralis (%),1778,3063,948,5446,8428,2982,success,S03,3
Rectus Femoris (%),1259,3063,948,3856,5968,2112,success,S03,3
Vastus Lateralis (%),1778,3063,948,5446,8428,2982,success,S03,3
Vastus Medialis (%),1778,3063,948,5446,8428,2982,success,S03,3
Semitendinosus (%),1259,3063,948,3856,5968,2112,success,S03,3
Bicep Femoris (%),1259,3063,948,3856,5968,2112,success,S03,3
Tibialis Anterior (%),1259,2944,936,3706,5892,2186,success,S03,4
Gastrocnemius Medialis (%),1778,2944,936,5234,8321,3087,success,S03,4
Gastrocnemius Lateralis (%),1778,2944,936,5234,8321,3087,success,S03,4
Rectus Femoris (%),1259,2944,936,3706,5892,2186,success,S03,4
Vastus Lateralis (%),1778,2944,936,5234,8321,3087,success,S03,4
Vastus Medialis (%),1778,2944,936,5234,8321,3087,success,S03,4
Semitendinosus (%),1259,2944,936,3706,5892,2186,success,S03,4
Bicep Femoris (%),1259,2944,936,3706,5892,2186,success,S03,4
Tibialis Anterior (%),1259,3406,1017,4288,6402,2114,success,S03,5
Gastrocnemius Medialis (%),1778,3406,1017,6056,9041,2985,success,S03,5
Gastrocnemius Lateralis (%),1778,3406,1017,6056,9041,2985,success,S03,5
Rectus Femoris (%),1259,3406,1017,4288,6402,2114,success,S03,5
Vastus Lateralis (%),1778,3406,1017,6056,9041,2985,success,S03,5
Vastus Medialis (%),1778,3406,1017,6056,9041,2985,success,S03,5
Semitendinosus (%),1259,3406,1017,4288,6402,2114,success,S03,5
Bicep Femoris (%),1259,3406,1017,4288,6402,2114,success,S03,5
Tibialis Anterior (%),1259,3308,1041,4165,6553,2388,success,S04,1
Gastrocnemius Medialis (%),1778,3308,1041,5882,9254,3372,success,S04,1
Gastrocnemius Lateralis (%),1778,3308,1041,5882,9254,3372,success,S04,1
Rectus Femoris (%),1259,3308,1041,4165,6553,2388,success,S04,1
Vastus Lateralis (%),1778,3308,1041,5882,9254,3372,success,S04,1
Vastus Medialis (%),1778,3308,1041,5882,9254,3372,success,S04,1
Semitendinosus (%),1259,3308,1041,4165,6553,2388,success,S04,1
Bicep Femoris (%),1259,3308,1041,4165,6553,2388,success,S04,1
Tibialis Anterior (%),1259,2526,1113,3180,7006,3826,success,S04,2
Gastrocnemius Medialis (%),1778,2526,1113,4491,9895,5404,success,S04,2
Gastrocnemius Lateralis (%),1778,2526,1113,4491,9895,5404,success,S04,2
Rectus Femoris (%),1259,2526,1113,3180,7006,3826,success,S04,2
Vastus Lateralis (%),1778,2526,1113,4491,9895,5404,success,S04,2
Vastus Medialis (%),1778,2526,1113,4491,9895,5404,success,S04,2
Semitendinosus (%),1259,2526,1113,3180,7006,3826,success,S04,2
Bicep Femoris (%),1259,2526,1113,3180,7006,3826,success,S04,2
Tibialis Anterior (%),1259,3429,1106,4317,6962,2645,success,S04,3
Gastrocnemius Medialis (%),1778,3429,1106,6097,9832,3735,success,S04,3
Gastrocnemius Lateralis (%),1778,3429,1106,6097,9832,3735,success,S04,3
Rectus Femoris (%),1259,3429,1106,4317,6962,2645,success,S04,3
Vastus Lateralis (%),1778,3429,1106,6097,9832,3735,success,S04,3
Vastus Medialis (%),1778,3429,1106,6097,9832,3735,success,S04,3
Semitendinosus (%),1259,3429,1106,4317,6962,2645,success,S04,3
Bicep Femoris (%),1259,3429,1106,4317,6962,2645,success,S04,3
Tibialis Anterior (%),1259,3830,1172,4822,7378,2556,success,S04,4
Gastrocnemius Medialis (%),1778,3830,1172,6810,10419,3609,success,S04,4
Gastrocnemius Lateralis (%),1778,3830,1172,6810,10419,3609,success,S04,4
Rectus Femoris (%),1259,3830,1172,4822,7378,2556,success,S04,4
Vastus Lateralis (%),1778,3830,1172,6810,10419,3609,success,S04,4
Vastus Medialis (%),1778,3830,1172,6810,10419,3609,success,S04,4
Semitendinosus (%),1259,3830,1172,4822,7378,2556,success,S04,4
Bicep Femoris (%),1259,3830,1172,4822,7378,2556,success,S04,4
Tibialis Anterior (%),1259,3490,1096,4394,6899,2505,success,S04,5
Gastrocnemius Medialis (%),1778,3490,1096,6205,9743,3538,success,S04,5
Gastrocnemius Lateralis (%),1778,3490,1096,6205,9743,3538,success,S04,5
Rectus Femoris (%),1259,3490,1096,4394,6899,2505,success,S04,5
Vastus Lateralis (%),1778,3490,1096,6205,9743,3538,success,S04,5
Vastus Medialis (%),1778,3490,1096,6205,9743,3538,success,S04,5
Semitendinosus (%),1259,3490,1096,4394,6899,2505,success,S04,5
Bicep Femoris (%),1259,3490,1096,4394,6899,2505,success,S04,5
Tibialis Anterior (%),1259,3054,903,3845,5684,1839,success,S05,1
Gastrocnemius Medialis (%),1778,3054,903,5430,8028,2598,success,S05,1
Gastrocnemius Lateralis (%),1778,3054,903,5430,8028,2598,success,S05,1
Rectus Femoris (%),1259,3054,903,3845,5684,1839,success,S05,1
Vastus Lateralis (%),1778,3054,903,5430,8028,2598,success,S05,1
Vastus Medialis (%),1778,3054,903,5430,8028,2598,success,S05,1
Semitendinosus (%),1259,3054,903,3845,5684,1839,success,S05,1
Bicep Femoris (%),1259,3054,903,3845,5684,1839,success,S05,1
Tibialis Anterior (%),1259,2793,1006,3516,6333,2817,success,S07,1
Gastrocnemius Medialis (%),1778,2793,1006,4966,8943,3977,success,S07,1
Gastrocnemius Lateralis (%),1778,2793,1006,4966,8943,3977,success,S07,1
Rectus Femoris (%),1259,2793,1006,3516,6333,2817,success,S07,1
Vastus Lateralis (%),1778,2793,1006,4966,8943,3977,success,S07,1
Vastus Medialis (%),1778,2793,1006,4966,8943,3977,success,S07,1
Semitendinosus (%),1259,2793,1006,3516,6333,2817,success,S07,1
Bicep Femoris (%),1259,2793,1006,3516,6333,2817,success,S07,1
Tibialis Anterior (%),1259,2177,826,2741,5200,2459,success,S07,2
Gastrocnemius Medialis (%),1778,2177,826,3871,7343,3472,success,S07,2
Gastrocnemius Lateralis (%),1778,2177,826,3871,7343,3472,success,S07,2
Rectus Femoris (%),1259,2177,826,2741,5200,2459,success,S07,2
Vastus Lateralis (%),1778,2177,826,3871,7343,3472,success,S07,2
Vastus Medialis (%),1778,2177,826,3871,7343,3472,success,S07,2
Semitendinosus (%),1259,2177,826,2741,5200,2459,success,S07,2
Bicep Femoris (%),1259,2177,826,2741,5200,2459,success,S07,2
Tibialis Anterior (%),1259,1281,939,1613,5911,4298,success,S07,3
Gastrocnemius Medialis (%),1778,1281,939,2278,8348,6070,success,S07,3
Gastrocnemius Lateralis (%),1778,1281,939,2278,8348,6070,success,S07,3
Rectus Femoris (%),1259,1281,939,1613,5911,4298,success,S07,3
Vastus Lateralis (%),1778,1281,939,2278,8348,6070,success,S07,3
Vastus Medialis (%),1778,1281,939,2278,8348,6070,success,S07,3
Semitendinosus (%),1259,1281,939,1613,5911,4298,success,S07,3
Bicep Femoris (%),1259,1281,939,1613,5911,4298,success,S07,3
Tibialis Anterior (%),1259,2859,970,3599,6106,2507,success,S07,4
Gastrocnemius Medialis (%),1778,2859,970,5083,8623,3540,success,S07,4
Gastrocnemius Lateralis (%),1778,2859,970,5083,8623,3540,success,S07,4
Rectus Femoris (%),1259,2859,970,3599,6106,2507,success,S07,4
Vastus Lateralis (%),1778,2859,970,5083,8623,3540,success,S07,4
Vastus Medialis (%),1778,2859,970,5083,8623,3540,success,S07,4
Semitendinosus (%),1259,2859,970,3599,6106,2507,success,S07,4
Bicep Femoris (%),1259,2859,970,3599,6106,2507,success,S07,4
Tibialis Anterior (%),1259,3084,1036,3883,6522,2639,success,S07,5
Gastrocnemius Medialis (%),1778,3084,1036,5483,9210,3727,success,S07,5
Gastrocnemius Lateralis (%),1778,3084,1036,5483,9210,3727,success,S07,5
Rectus Femoris (%),1259,3084,1036,3883,6522,2639,success,S07,5
Vastus Lateralis (%),1778,3084,1036,5483,9210,3727,success,S07,5
Vastus Medialis (%),1778,3084,1036,5483,9210,3727,success,S07,5
Semitendinosus (%),1259,3084,1036,3883,6522,2639,success,S07,5
Bicep Femoris (%),1259,3084,1036,3883,6522,2639,success,S07,5
Tibialis Anterior (%),1259,2677,939,3370,5911,2541,success,S08,1
Gastrocnemius Medialis (%),1778,2677,939,4760,8348,3588,success,S08,1
Gastrocnemius Lateralis (%),1778,2677,939,4760,8348,3588,success,S08,1
Rectus Femoris (%),1259,2677,939,3370,5911,2541,success,S08,1
Vastus Lateralis (%),1778,2677,939,4760,8348,3588,success,S08,1
Vastus Medialis (%),1778,2677,939,4760,8348,3588,success,S08,1
Semitendinosus (%),1259,2677,939,3370,5911,2541,success,S08,1
Bicep Femoris (%),1259,2677,939,3370,5911,2541,success,S08,1
Tibialis Anterior (%),1259,1999,1221,2517,7686,5169,success,S08,2
Gastrocnemius Medialis (%),1778,1999,1221,3554,10855,7301,success,S08,2
Gastrocnemius Lateralis (%),1778,1999,1221,3554,10855,7301,success,S08,2
Rectus Femoris (%),1259,1999,1221,2517,7686,5169,success,S08,2
Vastus Lateralis (%),1778,1999,1221,3554,10855,7301,success,S08,2
Vastus Medialis (%),1778,1999,1221,3554,10855,7301,success,S08,2
Semitendinosus (%),1259,1999,1221,2517,7686,5169,success,S08,2
Bicep Femoris (%),1259,1999,1221,2517,7686,5169,success,S08,2
Tibialis Anterior (%),1259,3681,1114,4634,7013,2379,success,S08,3
Gastrocnemius Medialis (%),1778,3681,1114,6545,9903,3358,success,S08,3
Gastrocnemius Lateralis (%),1778,3681,1114,6545,9903,3358,success,S08,3
Rectus Femoris (%),1259,3681,1114,4634,7013,2379,success,S08,3
Vastus Lateralis (%),1778,3681,1114,6545,9903,3358,success,S08,3
Vastus Medialis (%),1778,3681,1114,6545,9903,3358,success,S08,3
Semitendinosus (%),1259,3681,1114,4634,7013,2379,success,S08,3
Bicep Femoris (%),1259,3681,1114,4634,7013,2379,success,S08,3
Tibialis Anterior (%),1259,4150,1180,5225,7428,2203,success,S08,4
Gastrocnemius Medialis (%),1778,4150,1180,7379,10490,3111,success,S08,4
Gastrocnemius Lateralis (%),1778,4150,1180,7379,10490,3111,success,S08,4
Rectus Femoris (%),1259,4150,1180,5225,7428,2203,success,S08,4
Vastus Lateralis (%),1778,4150,1180,7379,10490,3111,success,S08,4
Vastus Medialis (%),1778,4150,1180,7379,10490,3111,success,S08,4
Semitendinosus (%),1259,4150,1180,5225,7428,2203,success,S08,4
Bicep Femoris (%),1259,4150,1180,5225,7428,2203,success,S08,4
Tibialis Anterior (%),1259,4343,1253,5468,7888,2420,success,S08,5
Gastrocnemius Medialis (%),1778,4343,1253,7722,11139,3417,success,S08,5
Gastrocnemius Lateralis (%),1778,4343,1253,7722,11139,3417,success,S08,5
Rectus Femoris (%),1259,4343,1253,5468,7888,2420,success,S08,5
Vastus Lateralis (%),1778,4343,1253,7722,11139,3417,success,S08,5
Vastus Medialis (%),1778,4343,1253,7722,11139,3417,success,S08,5
Semitendinosus (%),1259,4343,1253,5468,7888,2420,success,S08,5
Bicep Femoris (%),1259,4343,1253,5468,7888,2420,success,S08,5
Tibialis Anterior (%),1259,3507,1034,4415,6509,2094,success,S09,1
Gastrocnemius Medialis (%),1778,3507,1034,6235,9192,2957,success,S09,1
Gastrocnemius Lateralis (%),1778,3507,1034,6235,9192,2957,success,S09,1
Rectus Femoris (%),1259,3507,1034,4415,6509,2094,success,S09,1
Vastus Lateralis (%),1778,3507,1034,6235,9192,2957,success,S09,1
Vastus Medialis (%),1778,3507,1034,6235,9192,2957,success,S09,1
Semitendinosus (%),1259,3507,1034,4415,6509,2094,success,S09,1
Bicep Femoris (%),1259,3507,1034,4415,6509,2094,success,S09,1
Tibialis Anterior (%),1259,3749,1098,4720,6912,2192,success,S09,2
Gastrocnemius Medialis (%),1778,3749,1098,6666,9761,3095,success,S09,2
Gastrocnemius Lateralis (%),1778,3749,1098,6666,9761,3095,success,S09,2
Rectus Femoris (%),1259,3749,1098,4720,6912,2192,success,S09,2
Vastus Lateralis (%),1778,3749,1098,6666,9761,3095,success,S09,2
Vastus Medialis (%),1778,3749,1098,6666,9761,3095,success,S09,2
Semitendinosus (%),1259,3749,1098,4720,6912,2192,success,S09,2
Bicep Femoris (%),1259,3749,1098,4720,6912,2192,success,S09,2
Tibialis Anterior (%),1259,2739,974,3448,6131,2683,success,S09,3
Gastrocnemius Medialis (%),1778,2739,974,4870,8659,3789,success,S09,3
Gastrocnemius Lateralis (%),1778,2739,974,4870,8659,3789,success,S09,3
Rectus Femoris (%),1259,2739,974,3448,6131,2683,success,S09,3
Vastus Lateralis (%),1778,2739,974,4870,8659,3789,success,S09,3
Vastus Medialis (%),1778,2739,974,4870,8659,3789,success,S09,3
Semitendinosus (%),1259,2739,974,3448,6131,2683,success,S09,3
Bicep Femoris (%),1259,2739,974,3448,6131,2683,success,S09,3
Tibialis Anterior (%),1259,3343,1088,4209,6849,2640,success,S09,4
Gastrocnemius Medialis (%),1778,3343,1088,5944,9672,3728,success,S09,4
Gastrocnemius Lateralis (%),1778,3343,1088,5944,9672,3728,success,S09,4
Rectus Femoris (%),1259,3343,1088,4209,6849,2640,success,S09,4
Vastus Lateralis (%),1778,3343,1088,5944,9672,3728,success,S09,4
Vastus Medialis (%),1778,3343,1088,5944,9672,3728,success,S09,4
Semitendinosus (%),1259,3343,1088,4209,6849,2640,success,S09,4
Bicep Femoris (%),1259,3343,1088,4209,6849,2640,success,S09,4
Tibialis Anterior (%),1259,2888,994,3636,6257,2621,success,S09,5
Gastrocnemius Medialis (%),1778,2888,994,5135,8837,3702,success,S09,5
Gastrocnemius Lateralis (%),1778,2888,994,5135,8837,3702,success,S09,5
Rectus Femoris (%),1259,2888,994,3636,6257,2621,success,S09,5
Vastus Lateralis (%),1778,2888,994,5135,8837,3702,success,S09,5
Vastus Medialis (%),1778,2888,994,5135,8837,3702,success,S09,5
Semitendinosus (%),1259,2888,994,3636,6257,2621,success,S09,5
Bicep Femoris (%),1259,2888,994,3636,6257,2621,success,S09,5
Tibialis Anterior (%),1259,3411,1093,4294,6880,2586,success,S10,1
Gastrocnemius Medialis (%),1778,3411,1093,6065,9717,3652,success,S10,1
Gastrocnemius Lateralis (%),1778,3411,1093,6065,9717,3652,success,S10,1
Rectus Femoris (%),1259,3411,1093,4294,6880,2586,success,S10,1
Vastus Lateralis (%),1778,3411,1093,6065,9717,3652,success,S10,1
Vastus Medialis (%),1778,3411,1093,6065,9717,3652,success,S10,1
Semitendinosus (%),1259,3411,1093,4294,6880,2586,success,S10,1
Bicep Femoris (%),1259,3411,1093,4294,6880,2586,success,S10,1
Tibialis Anterior (%),1259,4998,1410,6292,8876,2584,success,S10,2
Gastrocnemius Medialis (%),1778,4998,1410,8886,12535,3649,success,S10,2
Gastrocnemius Lateralis (%),1778,4998,1410,8886,12535,3649,success,S10,2
Rectus Femoris (%),1259,4998,1410,6292,8876,2584,success,S10,2
Vastus Lateralis (%),1778,4998,1410,8886,12535,3649,success,S10,2
Vastus Medialis (%),1778,4998,1410,8886,12535,3649,success,S10,2
Semitendinosus (%),1259,4998,1410,6292,8876,2584,success,S10,2
Bicep Femoris (%),1259,4998,1410,6292,8876,2584,success,S10,2
Tibialis Anterior (%),1259,3381,1087,4257,6843,2586,success,S10,3
Gastrocnemius Medialis (%),1778,3381,1087,6011,9663,3652,success,S10,3
Gastrocnemius Lateralis (%),1778,3381,1087,6011,9663,3652,success,S10,3
Rectus Femoris (%),1259,3381,1087,4257,6843,2586,success,S10,3
Vastus Lateralis (%),1778,3381,1087,6011,9663,3652,success,S10,3
Vastus Medialis (%),1778,3381,1087,6011,9663,3652,success,S10,3
Semitendinosus (%),1259,3381,1087,4257,6843,2586,success,S10,3
Bicep Femoris (%),1259,3381,1087,4257,6843,2586,success,S10,3
Tibialis Anterior (%),1259,3990,1209,5023,7611,2588,success,S10,4
Gastrocnemius Medialis (%),1778,3990,1209,7094,10748,3654,success,S10,4
Gastrocnemius Lateralis (%),1778,3990,1209,7094,10748,3654,success,S10,4
Rectus Femoris (%),1259,3990,1209,5023,7611,2588,success,S10,4
Vastus Lateralis (%),1778,3990,1209,7094,10748,3654,success,S10,4
Vastus Medialis (%),1778,3990,1209,7094,10748,3654,success,S10,4
Semitendinosus (%),1259,3990,1209,5023,7611,2588,success,S10,4
Bicep Femoris (%),1259,3990,1209,5023,7611,2588,success,S10,4
Tibialis Anterior (%),1259,3761,1168,4735,7353,2618,success,S10,5
Gastrocnemius Medialis (%),1778,3761,1168,6687,10384,3697,success,S10,5
Gastrocnemius Lateralis (%),1778,3761,1168,6687,10384,3697,success,S10,5
Rectus Femoris (%),1259,3761,1168,4735,7353,2618,success,S10,5
Vastus Lateralis (%),1778,3761,1168,6687,10384,3697,success,S10,5
Vastus Medialis (%),1778,3761,1168,6687,10384,3697,success,S10,5
Semitendinosus (%),1259,3761,1168,4735,7353,2618,success,S10,5
Bicep Femoris (%),1259,3761,1168,4735,7353,2618,success,S10,5
Tibialis Anterior (%),1259,3442,1132,4333,7126,2793,success,S12,1
Gastrocnemius Medialis (%),1778,3442,1132,6120,10063,3943,success,S12,1
Gastrocnemius Lateralis (%),1778,3442,1132,6120,10063,3943,success,S12,1
Rectus Femoris (%),1259,3442,1132,4333,7126,2793,success,S12,1
Vastus Lateralis (%),1778,3442,1132,6120,10063,3943,success,S12,1
Vastus Medialis (%),1778,3442,1132,6120,10063,3943,success,S12,1
Semitendinosus (%),1259,3442,1132,4333,7126,2793,success,S12,1
Bicep Femoris (%),1259,3442,1132,4333,7126,2793,success,S12,1
Tibialis Anterior (%),1259,3361,1103,4231,6943,2712,success,S12,2
Gastrocnemius Medialis (%),1778,3361,1103,5976,9806,3830,success,S12,2
Gastrocnemius Lateralis (%),1778,3361,1103,5976,9806,3830,success,S12,2
Rectus Femoris (%),1259,3361,1103,4231,6943,2712,success,S12,2
Vastus Lateralis (%),1778,3361,1103,5976,9806,3830,success,S12,2
Vastus Medialis (%),1778,3361,1103,5976,9806,3830,success,S12,2
Semitendinosus (%),1259,3361,1103,4231,6943,2712,success,S12,2
Bicep Femoris (%),1259,3361,1103,4231,6943,2712,success,S12,2
Tibialis Anterior (%),1259,2585,938,3255,5905,2650,success,S12,3
Gastrocnemius Medialis (%),1778,2585,938,4596,8339,3743,success,S12,3
Gastrocnemius Lateralis (%),1778,2585,938,4596,8339,3743,success,S12,3
Rectus Femoris (%),1259,2585,938,3255,5905,2650,success,S12,3
Vastus Lateralis (%),1778,2585,938,4596,8339,3743,success,S12,3
Vastus Medialis (%),1778,2585,938,4596,8339,3743,success,S12,3
Semitendinosus (%),1259,2585,938,3255,5905,2650,success,S12,3
Bicep Femoris (%),1259,2585,938,3255,5905,2650,success,S12,3
Tibialis Anterior (%),1259,1679,940,2114,5917,3803,success,S12,4
Gastrocnemius Medialis (%),1778,1679,940,2985,8357,5372,success,S12,4
Gastrocnemius Lateralis (%),1778,1679,940,2985,8357,5372,success,S12,4
Rectus Femoris (%),1259,1679,940,2114,5917,3803,success,S12,4
Vastus Lateralis (%),1778,1679,940,2985,8357,5372,success,S12,4
Vastus Medialis (%),1778,1679,940,2985,8357,5372,success,S12,4
Semitendinosus (%),1259,1679,940,2114,5917,3803,success,S12,4
Bicep Femoris (%),1259,1679,940,2114,5917,3803,success,S12,4
Tibialis Anterior (%),1259,3903,1196,4914,7529,2615,success,S12,5
Gastrocnemius Medialis (%),1778,3903,1196,6940,10632,3692,success,S12,5
Gastrocnemius Lateralis (%),1778,3903,1196,6940,10632,3692,success,S12,5
Rectus Femoris (%),1259,3903,1196,4914,7529,2615,success,S12,5
Vastus Lateralis (%),1778,3903,1196,6940,10632,3692,success,S12,5
Vastus Medialis (%),1778,3903,1196,6940,10632,3692,success,S12,5
Semitendinosus (%),1259,3903,1196,4914,7529,2615,success,S12,5
Bicep Femoris (%),1259,3903,1196,4914,7529,2615,success,S12,5
Tibialis Anterior (%),1259,3794,1215,4777,7648,2871,success,S15,1
Gastrocnemius Medialis (%),1778,3794,1215,6746,10801,4055,success,S15,1
Gastrocnemius Lateralis (%),1778,3794,1215,6746,10801,4055,success,S15,1
Rectus Femoris (%),1259,3794,1215,4777,7648,2871,success,S15,1
Vastus Lateralis (%),1778,3794,1215,6746,10801,4055,success,S15,1
Vastus Medialis (%),1778,3794,1215,6746,10801,4055,success,S15,1
Semitendinosus (%),1259,3794,1215,4777,7648,2871,success,S15,1
Bicep Femoris (%),1259,3794,1215,4777,7648,2871,success,S15,1
Tibialis Anterior (%),1259,929,1202,1170,7567,6397,success,S15,2
Gastrocnemius Medialis (%),1778,929,1202,1652,10686,9034,success,S15,2
Gastrocnemius Lateralis (%),1778,929,1202,1652,10686,9034,success,S15,2
Rectus Femoris (%),1259,929,1202,1170,7567,6397,success,S15,2
Vastus Lateralis (%),1778,929,1202,1652,10686,9034,success,S15,2
Vastus Medialis (%),1778,929,1202,1652,10686,9034,success,S15,2
Semitendinosus (%),1259,929,1202,1170,7567,6397,success,S15,2
Bicep Femoris (%),1259,929,1202,1170,7567,6397,success,S15,2
Tibialis Anterior (%),1259,2833,1130,3567,7113,3546,success,S15,3
Gastrocnemius Medialis (%),1778,2833,1130,5037,10046,5009,success,S15,3
Gastrocnemius Lateralis (%),1778,2833,1130,5037,10046,5009,success,S15,3
Rectus Femoris (%),1259,2833,1130,3567,7113,3546,success,S15,3
Vastus Lateralis (%),1778,2833,1130,5037,10046,5009,success,S15,3
Vastus Medialis (%),1778,2833,1130,5037,10046,5009,success,S15,3
Semitendinosus (%),1259,2833,1130,3567,7113,3546,success,S15,3
Bicep Femoris (%),1259,2833,1130,3567,7113,3546,success,S15,3
Tibialis Anterior (%),1259,3707,1201,4667,7560,2893,success,S15,4
Gastrocnemius Medialis (%),1778,3707,1201,6591,10677,4086,success,S15,4
Gastrocnemius Lateralis (%),1778,3707,1201,6591,10677,4086,success,S15,4
Rectus Femoris (%),1259,3707,1201,4667,7560,2893,success,S15,4
Vastus Lateralis (%),1778,3707,1201,6591,10677,4086,success,S15,4
Vastus Medialis (%),1778,3707,1201,6591,10677,4086,success,S15,4
Semitendinosus (%),1259,3707,1201,4667,7560,2893,success,S15,4
Bicep Femoris (%),1259,3707,1201,4667,7560,2893,success,S15,4
Tibialis Anterior (%),1259,3251,954,4093,6005,1912,success,S16,1
Gastrocnemius Medialis (%),1778,3251,954,5780,8481,2701,success,S16,1
Gastrocnemius Lateralis (%),1778,3251,954,5780,8481,2701,success,S16,1
Rectus Femoris (%),1259,3251,954,4093,6005,1912,success,S16,1
Vastus Lateralis (%),1778,3251,954,5780,8481,2701,success,S16,1
Vastus Medialis (%),1778,3251,954,5780,8481,2701,success,S16,1
Semitendinosus (%),1259,3251,954,4093,6005,1912,success,S16,1
Bicep Femoris (%),1259,3251,954,4093,6005,1912,success,S16,1
Tibialis Anterior (%),1259,3784,1040,4764,6547,1783,success,S16,2
Gastrocnemius Medialis (%),1778,3784,1040,6728,9246,2518,success,S16,2
Gastrocnemius Lateralis (%),1778,3784,1040,6728,9246,2518,success,S16,2
Rectus Femoris (%),1259,3784,1040,4764,6547,1783,success,S16,2
Vastus Lateralis (%),1778,3784,1040,6728,9246,2518,success,S16,2
Vastus Medialis (%),1778,3784,1040,6728,9246,2518,success,S16,2
Semitendinosus (%),1259,3784,1040,4764,6547,1783,success,S16,2
Bicep Femoris (%),1259,3784,1040,4764,6547,1783,success,S16,2
Tibialis Anterior (%),1259,3622,993,4560,6251,1691,success,S16,3
Gastrocnemius Medialis (%),1778,3622,993,6440,8828,2388,success,S16,3
Gastrocnemius Lateralis (%),1778,3622,993,6440,8828,2388,success,S16,3
Rectus Femoris (%),1259,3622,993,4560,6251,1691,success,S16,3
Vastus Lateralis (%),1778,3622,993,6440,8828,2388,success,S16,3
Vastus Medialis (%),1778,3622,993,6440,8828,2388,success,S16,3
Semitendinosus (%),1259,3622,993,4560,6251,1691,success,S16,3
Bicep Femoris (%),1259,3622,993,4560,6251,1691,success,S16,3
Tibialis Anterior (%),1259,3699,1015,4657,6389,1732,success,S16,4
Gastrocnemius Medialis (%),1778,3699,1015,6577,9023,2446,success,S16,4
Gastrocnemius Lateralis (%),1778,3699,1015,6577,9023,2446,success,S16,4
Rectus Femoris (%),1259,3699,1015,4657,6389,1732,success,S16,4
Vastus Lateralis (%),1778,3699,1015,6577,9023,2446,success,S16,4
Vastus Medialis (%),1778,3699,1015,6577,9023,2446,success,S16,4
Semitendinosus (%),1259,3699,1015,4657,6389,1732,success,S16,4
Bicep Femoris (%),1259,3699,1015,4657,6389,1732,success,S16,4
Tibialis Anterior (%),1259,4242,1149,5341,7233,1892,success,S16,5
Gastrocnemius Medialis (%),1778,4242,1149,7542,10215,2673,success,S16,5
Gastrocnemius Lateralis (%),1778,4242,1149,7542,10215,2673,success,S16,5
Rectus Femoris (%),1259,4242,1149,5341,7233,1892,success,S16,5
Vastus Lateralis (%),1778,4242,1149,7542,10215,2673,success,S16,5
Vastus Medialis (%),1778,4242,1149,7542,10215,2673,success,S16,5
Semitendinosus (%),1259,4242,1149,5341,7233,1892,success,S16,5
Bicep Femoris (%),1259,4242,1149,5341,7233,1892,success,S16,5
Tibialis Anterior (%),1259,3593,1194,4524,7516,2992,success,S17,1
Gastrocnemius Medialis (%),1778,3593,1194,6388,10615,4227,success,S17,1
Gastrocnemius Lateralis (%),1778,3593,1194,6388,10615,4227,success,S17,1
Rectus Femoris (%),1259,3593,1194,4524,7516,2992,success,S17,1
Vastus Lateralis (%),1778,3593,1194,6388,10615,4227,success,S17,1
Vastus Medialis (%),1778,3593,1194,6388,10615,4227,success,S17,1
Semitendinosus (%),1259,3593,1194,4524,7516,2992,success,S17,1
Bicep Femoris (%),1259,3593,1194,4524,7516,2992,success,S17,1
Tibialis Anterior (%),1259,3642,1158,4585,7290,2705,success,S17,2
Gastrocnemius Medialis (%),1778,3642,1158,6475,10295,3820,success,S17,2
Gastrocnemius Lateralis (%),1778,3642,1158,6475,10295,3820,success,S17,2
Rectus Femoris (%),1259,3642,1158,4585,7290,2705,success,S17,2
Vastus Lateralis (%),1778,3642,1158,6475,10295,3820,success,S17,2
Vastus Medialis (%),1778,3642,1158,6475,10295,3820,success,S17,2
Semitendinosus (%),1259,3642,1158,4585,7290,2705,success,S17,2
Bicep Femoris (%),1259,3642,1158,4585,7290,2705,success,S17,2
Tibialis Anterior (%),1259,3265,1071,4111,6742,2631,success,S17,3
Gastrocnemius Medialis (%),1778,3265,1071,5805,9521,3716,success,S17,3
Gastrocnemius Lateralis (%),1778,3265,1071,5805,9521,3716,success,S17,3
Rectus Femoris (%),1259,3265,1071,4111,6742,2631,success,S17,3
Vastus Lateralis (%),1778,3265,1071,5805,9521,3716,success,S17,3
Vastus Medialis (%),1778,3265,1071,5805,9521,3716,success,S17,3
Semitendinosus (%),1259,3265,1071,4111,6742,2631,success,S17,3
Bicep Femoris (%),1259,3265,1071,4111,6742,2631,success,S17,3
Tibialis Anterior (%),1259,3283,1078,4133,6786,2653,success,S17,4
Gastrocnemius Medialis (%),1778,3283,1078,5837,9583,3746,success,S17,4
Gastrocnemius Lateralis (%),1778,3283,1078,5837,9583,3746,success,S17,4
Rectus Femoris (%),1259,3283,1078,4133,6786,2653,success,S17,4
Vastus Lateralis (%),1778,3283,1078,5837,9583,3746,success,S17,4
Vastus Medialis (%),1778,3283,1078,5837,9583,3746,success,S17,4
Semitendinosus (%),1259,3283,1078,4133,6786,2653,success,S17,4
Bicep Femoris (%),1259,3283,1078,4133,6786,2653,success,S17,4
Tibialis Anterior (%),1259,3242,1073,4082,6755,2673,success,S17,5
Gastrocnemius Medialis (%),1778,3242,1073,5764,9539,3775,success,S17,5
Gastrocnemius Lateralis (%),1778,3242,1073,5764,9539,3775,success,S17,5
Rectus Femoris (%),1259,3242,1073,4082,6755,2673,success,S17,5
Vastus Lateralis (%),1778,3242,1073,5764,9539,3775,success,S17,5
Vastus Medialis (%),1778,3242,1073,5764,9539,3775,success,S17,5
Semitendinosus (%),1259,3242,1073,4082,6755,2673,success,S17,5
Bicep Femoris (%),1259,3242,1073,4082,6755,2673,success,S17,5
Tibialis Anterior (%),1259,3913,1182,4926,7441,2515,success,S19,1
Gastrocnemius Medialis (%),1778,3913,1182,6957,10508,3551,success,S19,1
Gastrocnemius Lateralis (%),1778,3913,1182,6957,10508,3551,success,S19,1
Rectus Femoris (%),1259,3913,1182,4926,7441,2515,success,S19,1
Vastus Lateralis (%),1778,3913,1182,6957,10508,3551,success,S19,1
Vastus Medialis (%),1778,3913,1182,6957,10508,3551,success,S19,1
Semitendinosus (%),1259,3913,1182,4926,7441,2515,success,S19,1
Bicep Femoris (%),1259,3913,1182,4926,7441,2515,success,S19,1
Tibialis Anterior (%),1259,3353,1042,4221,6559,2338,success,S19,2
Gastrocnemius Medialis (%),1778,3353,1042,5962,9263,3301,success,S19,2
Gastrocnemius Lateralis (%),1778,3353,1042,5962,9263,3301,success,S19,2
Rectus Femoris (%),1259,3353,1042,4221,6559,2338,success,S19,2
Vastus Lateralis (%),1778,3353,1042,5962,9263,3301,success,S19,2
Vastus Medialis (%),1778,3353,1042,5962,9263,3301,success,S19,2
Semitendinosus (%),1259,3353,1042,4221,6559,2338,success,S19,2
Bicep Femoris (%),1259,3353,1042,4221,6559,2338,success,S19,2
Tibialis Anterior (%),1259,3074,1021,3870,6427,2557,success,S19,3
Gastrocnemius Medialis (%),1778,3074,1021,5466,9077,3611,success,S19,3
Gastrocnemius Lateralis (%),1778,3074,1021,5466,9077,3611,success,S19,3
Rectus Femoris (%),1259,3074,1021,3870,6427,2557,success,S19,3
Vastus Lateralis (%),1778,3074,1021,5466,9077,3611,success,S19,3
Vastus Medialis (%),1778,3074,1021,5466,9077,3611,success,S19,3
Semitendinosus (%),1259,3074,1021,3870,6427,2557,success,S19,3
Bicep Femoris (%),1259,3074,1021,3870,6427,2557,success,S19,3
Tibialis Anterior (%),1259,2871,978,3615,6157,2542,success,S20,1
Gastrocnemius Medialis (%),1778,2871,978,5105,8694,3589,success,S20,1
Gastrocnemius Lateralis (%),1778,2871,978,5105,8694,3589,success,S20,1
Rectus Femoris (%),1259,2871,978,3615,6157,2542,success,S20,1
Vastus Lateralis (%),1778,2871,978,5105,8694,3589,success,S20,1
Vastus Medialis (%),1778,2871,978,5105,8694,3589,success,S20,1
Semitendinosus (%),1259,2871,978,3615,6157,2542,success,S20,1
Bicep Femoris (%),1259,2871,978,3615,6157,2542,success,S20,1
Tibialis Anterior (%),1259,3136,1012,3948,6371,2423,success,S20,2
Gastrocnemius Medialis (%),1778,3136,1012,5576,8997,3421,success,S20,2
Gastrocnemius Lateralis (%),1778,3136,1012,5576,8997,3421,success,S20,2
Rectus Femoris (%),1259,3136,1012,3948,6371,2423,success,S20,2
Vastus Lateralis (%),1778,3136,1012,5576,8997,3421,success,S20,2
Vastus Medialis (%),1778,3136,1012,5576,8997,3421,success,S20,2
Semitendinosus (%),1259,3136,1012,3948,6371,2423,success,S20,2
Bicep Femoris (%),1259,3136,1012,3948,6371,2423,success,S20,2
Tibialis Anterior (%),1259,3576,1100,4502,6924,2422,success,S20,3
Gastrocnemius Medialis (%),1778,3576,1100,6358,9779,3421,success,S20,3
Gastrocnemius Lateralis (%),1778,3576,1100,6358,9779,3421,success,S20,3
Rectus Femoris (%),1259,3576,1100,4502,6924,2422,success,S20,3
Vastus Lateralis (%),1778,3576,1100,6358,9779,3421,success,S20,3
Vastus Medialis (%),1778,3576,1100,6358,9779,3421,success,S20,3
Semitendinosus (%),1259,3576,1100,4502,6924,2422,success,S20,3
Bicep Femoris (%),1259,3576,1100,4502,6924,2422,success,S20,3
Tibialis Anterior (%),1259,3257,1048,4101,6597,2496,success,S20,4
Gastrocnemius Medialis (%),1778,3257,1048,5791,9317,3526,success,S20,4
Gastrocnemius Lateralis (%),1778,3257,1048,5791,9317,3526,success,S20,4
Rectus Femoris (%),1259,3257,1048,4101,6597,2496,success,S20,4
Vastus Lateralis (%),1778,3257,1048,5791,9317,3526,success,S20,4
Vastus Medialis (%),1778,3257,1048,5791,9317,3526,success,S20,4
Semitendinosus (%),1259,3257,1048,4101,6597,2496,success,S20,4
Bicep Femoris (%),1259,3257,1048,4101,6597,2496,success,S20,4
Tibialis Anterior (%),1259,3270,1051,4117,6616,2499,success,S20,5
Gastrocnemius Medialis (%),1778,3270,1051,5814,9343,3529,success,S20,5
Gastrocnemius Lateralis (%),1778,3270,1051,5814,9343,3529,success,S20,5
Rectus Femoris (%),1259,3270,1051,4117,6616,2499,success,S20,5
Vastus Lateralis (%),1778,3270,1051,5814,9343,3529,success,S20,5
Vastus Medialis (%),1778,3270,1051,5814,9343,3529,success,S20,5
Semitendinosus (%),1259,3270,1051,4117,6616,2499,success,S20,5
Bicep Femoris (%),1259,3270,1051,4117,6616,2499,success,S20,5
Tibialis Anterior (%),1259,3725,1135,4690,7145,2455,success,S22,1
Gastrocnemius Medialis (%),1778,3725,1135,6623,10090,3467,success,S22,1
Gastrocnemius Lateralis (%),1778,3725,1135,6623,10090,3467,success,S22,1
Rectus Femoris (%),1259,3725,1135,4690,7145,2455,success,S22,1
Vastus Lateralis (%),1778,3725,1135,6623,10090,3467,success,S22,1
Vastus Medialis (%),1778,3725,1135,6623,10090,3467,success,S22,1
Semitendinosus (%),1259,3725,1135,4690,7145,2455,success,S22,1
Bicep Femoris (%),1259,3725,1135,4690,7145,2455,success,S22,1
Tibialis Anterior (%),1259,3198,1031,4026,6490,2464,success,S22,2
Gastrocnemius Medialis (%),1778,3198,1031,5686,9166,3480,success,S22,2
Gastrocnemius Lateralis (%),1778,3198,1031,5686,9166,3480,success,S22,2
Rectus Femoris (%),1259,3198,1031,4026,6490,2464,success,S22,2
Vastus Lateralis (%),1778,3198,1031,5686,9166,3480,success,S22,2
Vastus Medialis (%),1778,3198,1031,5686,9166,3480,success,S22,2
Semitendinosus (%),1259,3198,1031,4026,6490,2464,success,S22,2
Bicep Femoris (%),1259,3198,1031,4026,6490,2464,success,S22,2
Tibialis Anterior (%),1259,2854,974,3593,6131,2538,success,S22,3
Gastrocnemius Medialis (%),1778,2854,974,5074,8659,3585,success,S22,3
Gastrocnemius Lateralis (%),1778,2854,974,5074,8659,3585,success,S22,3
Rectus Femoris (%),1259,2854,974,3593,6131,2538,success,S22,3
Vastus Lateralis (%),1778,2854,974,5074,8659,3585,success,S22,3
Vastus Medialis (%),1778,2854,974,5074,8659,3585,success,S22,3
Semitendinosus (%),1259,2854,974,3593,6131,2538,success,S22,3
Bicep Femoris (%),1259,2854,974,3593,6131,2538,success,S22,3
Tibialis Anterior (%),1259,1948,1051,2453,6616,4163,success,S22,4
Gastrocnemius Medialis (%),1778,1948,1051,3464,9343,5879,success,S22,4
Gastrocnemius Lateralis (%),1778,1948,1051,3464,9343,5879,success,S22,4
Rectus Femoris (%),1259,1948,1051,2453,6616,4163,success,S22,4
Vastus Lateralis (%),1778,1948,1051,3464,9343,5879,success,S22,4
Vastus Medialis (%),1778,1948,1051,3464,9343,5879,success,S22,4
Semitendinosus (%),1259,1948,1051,2453,6616,4163,success,S22,4
Bicep Femoris (%),1259,1948,1051,2453,6616,4163,success,S22,4
Tibialis Anterior (%),1259,3599,1108,4531,6975,2444,success,S22,5
Gastrocnemius Medialis (%),1778,3599,1108,6399,9850,3451,success,S22,5
Gastrocnemius Lateralis (%),1778,3599,1108,6399,9850,3451,success,S22,5
Rectus Femoris (%),1259,3599,1108,4531,6975,2444,success,S22,5
Vastus Lateralis (%),1778,3599,1108,6399,9850,3451,success,S22,5
Vastus Medialis (%),1778,3599,1108,6399,9850,3451,success,S22,5
Semitendinosus (%),1259,3599,1108,4531,6975,2444,success,S22,5
Bicep Femoris (%),1259,3599,1108,4531,6975,2444,success,S22,5
Tibialis Anterior (%),1259,1809,1001,2278,6301,4023,success,S23,1
Gastrocnemius Medialis (%),1778,1809,1001,3216,8899,5683,success,S23,1
Gastrocnemius Lateralis (%),1778,1809,1001,3216,8899,5683,success,S23,1
Rectus Femoris (%),1259,1809,1001,2278,6301,4023,success,S23,1
Vastus Lateralis (%),1778,1809,1001,3216,8899,5683,success,S23,1
Vastus Medialis (%),1778,1809,1001,3216,8899,5683,success,S23,1
Semitendinosus (%),1259,1809,1001,2278,6301,4023,success,S23,1
Bicep Femoris (%),1259,1809,1001,2278,6301,4023,success,S23,1
Tibialis Anterior (%),1259,3157,996,3975,6270,2295,success,S23,2
Gastrocnemius Medialis (%),1778,3157,996,5613,8854,3241,success,S23,2
Gastrocnemius Lateralis (%),1778,3157,996,5613,8854,3241,success,S23,2
Rectus Femoris (%),1259,3157,996,3975,6270,2295,success,S23,2
Vastus Lateralis (%),1778,3157,996,5613,8854,3241,success,S23,2
Vastus Medialis (%),1778,3157,996,5613,8854,3241,success,S23,2
Semitendinosus (%),1259,3157,996,3975,6270,2295,success,S23,2
Bicep Femoris (%),1259,3157,996,3975,6270,2295,success,S23,2
Tibialis Anterior (%),1259,3832,1179,4824,7422,2598,success,S23,3
Gastrocnemius Medialis (%),1778,3832,1179,6813,10481,3668,success,S23,3
Gastrocnemius Lateralis (%),1778,3832,1179,6813,10481,3668,success,S23,3
Rectus Femoris (%),1259,3832,1179,4824,7422,2598,success,S23,3
Vastus Lateralis (%),1778,3832,1179,6813,10481,3668,success,S23,3
Vastus Medialis (%),1778,3832,1179,6813,10481,3668,success,S23,3
Semitendinosus (%),1259,3832,1179,4824,7422,2598,success,S23,3
Bicep Femoris (%),1259,3832,1179,4824,7422,2598,success,S23,3
Tibialis Anterior (%),1259,1214,1075,1528,6767,5239,success,S23,4
Gastrocnemius Medialis (%),1778,1214,1075,2158,9557,7399,success,S23,4
Gastrocnemius Lateralis (%),1778,1214,1075,2158,9557,7399,success,S23,4
Rectus Femoris (%),1259,1214,1075,1528,6767,5239,success,S23,4
Vastus Lateralis (%),1778,1214,1075,2158,9557,7399,success,S23,4
Vastus Medialis (%),1778,1214,1075,2158,9557,7399,success,S23,4
Semitendinosus (%),1259,1214,1075,1528,6767,5239,success,S23,4
Bicep Femoris (%),1259,1214,1075,1528,6767,5239,success,S23,4
Tibialis Anterior (%),1259,3296,1070,4150,6736,2586,success,S23,5
Gastrocnemius Medialis (%),1778,3296,1070,5860,9512,3652,success,S23,5
Gastrocnemius Lateralis (%),1778,3296,1070,5860,9512,3652,success,S23,5
Rectus Femoris (%),1259,3296,1070,4150,6736,2586,success,S23,5
Vastus Lateralis (%),1778,3296,1070,5860,9512,3652,success,S23,5
Vastus Medialis (%),1778,3296,1070,5860,9512,3652,success,S23,5
Semitendinosus (%),1259,3296,1070,4150,6736,2586,success,S23,5
Bicep Femoris (%),1259,3296,1070,4150,6736,2586,success,S23,5
Tibialis Anterior (%),1259,3297,1485,4151,9348,5197,success,S25,1
Gastrocnemius Medialis (%),1778,3297,1485,5862,13202,7340,success,S25,1
Gastrocnemius Lateralis (%),1778,3297,1485,5862,13202,7340,success,S25,1
Rectus Femoris (%),1259,3297,1485,4151,9348,5197,success,S25,1
Vastus Lateralis (%),1778,3297,1485,5862,13202,7340,success,S25,1
Vastus Medialis (%),1778,3297,1485,5862,13202,7340,success,S25,1
Semitendinosus (%),1259,3297,1485,4151,9348,5197,success,S25,1
Bicep Femoris (%),1259,3297,1485,4151,9348,5197,success,S25,1
Tibialis Anterior (%),1259,2680,1465,3374,9222,5848,success,S25,2
Gastrocnemius Medialis (%),1778,2680,1465,4765,13024,8259,success,S25,2
Gastrocnemius Lateralis (%),1778,2680,1465,4765,13024,8259,success,S25,2
Rectus Femoris (%),1259,2680,1465,3374,9222,5848,success,S25,2
Vastus Lateralis (%),1778,2680,1465,4765,13024,8259,success,S25,2
Vastus Medialis (%),1778,2680,1465,4765,13024,8259,success,S25,2
Semitendinosus (%),1259,2680,1465,3374,9222,5848,success,S25,2
Bicep Femoris (%),1259,2680,1465,3374,9222,5848,success,S25,2
Tibialis Anterior (%),1259,2914,1416,3669,8914,5245,success,S25,3
Gastrocnemius Medialis (%),1778,2914,1416,5181,12588,7407,success,S25,3
Gastrocnemius Lateralis (%),1778,2914,1416,5181,12588,7407,success,S25,3
Rectus Femoris (%),1259,2914,1416,3669,8914,5245,success,S25,3
Vastus Lateralis (%),1778,2914,1416,5181,12588,7407,success,S25,3
Vastus Medialis (%),1778,2914,1416,5181,12588,7407,success,S25,3
Semitendinosus (%),1259,2914,1416,3669,8914,5245,success,S25,3
Bicep Femoris (%),1259,2914,1416,3669,8914,5245,success,S25,3
Tibialis Anterior (%),1259,2923,1430,3680,9002,5322,success,S25,4
Gastrocnemius Medialis (%),1778,2923,1430,5197,12713,7516,success,S25,4
Gastrocnemius Lateralis (%),1778,2923,1430,5197,12713,7516,success,S25,4
Rectus Femoris (%),1259,2923,1430,3680,9002,5322,success,S25,4
Vastus Lateralis (%),1778,2923,1430,5197,12713,7516,success,S25,4
Vastus Medialis (%),1778,2923,1430,5197,12713,7516,success,S25,4
Semitendinosus (%),1259,2923,1430,3680,9002,5322,success,S25,4
Bicep Femoris (%),1259,2923,1430,3680,9002,5322,success,S25,4
Tibialis Anterior (%),1259,3418,1546,4303,9732,5429,success,S25,5
Gastrocnemius Medialis (%),1778,3418,1546,6077,13744,7667,success,S25,5
Gastrocnemius Lateralis (%),1778,3418,1546,6077,13744,7667,success,S25,5
Rectus Femoris (%),1259,3418,1546,4303,9732,5429,success,S25,5
Vastus Lateralis (%),1778,3418,1546,6077,13744,7667,success,S25,5
Vastus Medialis (%),1778,3418,1546,6077,13744,7667,success,S25,5
Semitendinosus (%),1259,3418,1546,4303,9732,5429,success,S25,5
Bicep Femoris (%),1259,3418,1546,4303,9732,5429,success,S25,5
Tibialis Anterior (%),1259,2179,813,2743,5118,2375,success,S35,1
Gastrocnemius Medialis (%),1778,2179,813,3874,7228,3354,success,S35,1
Gastrocnemius Lateralis (%),1778,2179,813,3874,7228,3354,success,S35,1
Rectus Femoris (%),1259,2179,813,2743,5118,2375,success,S35,1
Vastus Lateralis (%),1778,2179,813,3874,7228,3354,success,S35,1
Vastus Medialis (%),1778,2179,813,3874,7228,3354,success,S35,1
Semitendinosus (%),1259,2179,813,2743,5118,2375,success,S35,1
Bicep Femoris (%),1259,2179,813,2743,5118,2375,success,S35,1
Tibialis Anterior (%),1259,1804,864,2271,5439,3168,success,S35,2
Gastrocnemius Medialis (%),1778,1804,864,3208,7681,4473,success,S35,2
Gastrocnemius Lateralis (%),1778,1804,864,3208,7681,4473,success,S35,2
Rectus Femoris (%),1259,1804,864,2271,5439,3168,success,S35,2
Vastus Lateralis (%),1778,1804,864,3208,7681,4473,success,S35,2
Vastus Medialis (%),1778,1804,864,3208,7681,4473,success,S35,2
Semitendinosus (%),1259,1804,864,2271,5439,3168,success,S35,2
Bicep Femoris (%),1259,1804,864,2271,5439,3168,success,S35,2
Tibialis Anterior (%),1259,1933,743,2434,4677,2243,success,S35,3
Gastrocnemius Medialis (%),1778,1933,743,3437,6605,3168,success,S35,3
Gastrocnemius Lateralis (%),1778,1933,743,3437,6605,3168,success,S35,3
Rectus Femoris (%),1259,1933,743,2434,4677,2243,success,S35,3
Vastus Lateralis (%),1778,1933,743,3437,6605,3168,success,S35,3
Vastus Medialis (%),1778,1933,743,3437,6605,3168,success,S35,3
Semitendinosus (%),1259,1933,743,2434,4677,2243,success,S35,3
Bicep Femoris (%),1259,1933,743,2434,4677,2243,success,S35,3
Tibialis Anterior (%),1259,1986,771,2500,4853,2353,success,S35,4
Gastrocnemius Medialis (%),1778,1986,771,3531,6854,3323,success,S35,4
Gastrocnemius Lateralis (%),1778,1986,771,3531,6854,3323,success,S35,4
Rectus Femoris (%),1259,1986,771,2500,4853,2353,success,S35,4
Vastus Lateralis (%),1778,1986,771,3531,6854,3323,success,S35,4
Vastus Medialis (%),1778,1986,771,3531,6854,3323,success,S35,4
Semitendinosus (%),1259,1986,771,2500,4853,2353,success,S35,4
Bicep Femoris (%),1259,1986,771,2500,4853,2353,success,S35,4
Tibialis Anterior (%),1259,2471,844,3111,5313,2202,success,S35,5
Gastrocnemius Medialis (%),1778,2471,844,4393,7503,3110,success,S35,5
Gastrocnemius Lateralis (%),1778,2471,844,4393,7503,3110,success,S35,5
Rectus Femoris (%),1259,2471,844,3111,5313,2202,success,S35,5
Vastus Lateralis (%),1778,2471,844,4393,7503,3110,success,S35,5
Vastus Medialis (%),1778,2471,844,4393,7503,3110,success,S35,5
Semitendinosus (%),1259,2471,844,3111,5313,2202,success,S35,5
Bicep Femoris (%),1259,2471,844,3111,5313,2202,success,S35,5
Tibialis Anterior (%),1259,2646,947,3331,5961,2630,success,S41,3
Gastrocnemius Medialis (%),1778,2646,947,4705,8419,3714,success,S41,3
Gastrocnemius Lateralis (%),1778,2646,947,4705,8419,3714,success,S41,3
Rectus Femoris (%),1259,2646,947,3331,5961,2630,success,S41,3
Vastus Lateralis (%),1778,2646,947,4705,8419,3714,success,S41,3
Vastus Medialis (%),1778,2646,947,4705,8419,3714,success,S41,3
Semitendinosus (%),1259,2646,947,3331,5961,2630,success,S41,3
Bicep Femoris (%),1259,2646,947,3331,5961,2630,success,S41,3
Tibialis Anterior (%),1259,77,730,97,4595,4498,success,S41,4
Gastrocnemius Medialis (%),1778,77,730,137,6490,6353,success,S41,4
Gastrocnemius Lateralis (%),1778,77,730,137,6490,6353,success,S41,4
Rectus Femoris (%),1259,77,730,97,4595,4498,success,S41,4
Vastus Lateralis (%),1778,77,730,137,6490,6353,success,S41,4
Vastus Medialis (%),1778,77,730,137,6490,6353,success,S41,4
Semitendinosus (%),1259,77,730,97,4595,4498,success,S41,4
Bicep Femoris (%),1259,77,730,97,4595,4498,success,S41,4
Tibialis Anterior (%),1259,2585,1301,3255,8190,4935,success,S46,1
Gastrocnemius Medialis (%),1778,2585,1301,4596,11566,6970,success,S46,1
Gastrocnemius Lateralis (%),1778,2585,1301,4596,11566,6970,success,S46,1
Rectus Femoris (%),1259,2585,1301,3255,8190,4935,success,S46,1
Vastus Lateralis (%),1778,2585,1301,4596,11566,6970,success,S46,1
Vastus Medialis (%),1778,2585,1301,4596,11566,6970,success,S46,1
Semitendinosus (%),1259,2585,1301,3255,8190,4935,success,S46,1
Bicep Femoris (%),1259,2585,1301,3255,8190,4935,success,S46,1
Tibialis Anterior (%),1259,2956,1327,3722,8353,4631,success,S46,2
Gastrocnemius Medialis (%),1778,2956,1327,5256,11797,6541,success,S46,2
Gastrocnemius Lateralis (%),1778,2956,1327,5256,11797,6541,success,S46,2
Rectus Femoris (%),1259,2956,1327,3722,8353,4631,success,S46,2
Vastus Lateralis (%),1778,2956,1327,5256,11797,6541,success,S46,2
Vastus Medialis (%),1778,2956,1327,5256,11797,6541,success,S46,2
Semitendinosus (%),1259,2956,1327,3722,8353,4631,success,S46,2
Bicep Femoris (%),1259,2956,1327,3722,8353,4631,success,S46,2
Tibialis Anterior (%),1259,2421,1253,3048,7888,4840,success,S46,3
Gastrocnemius Medialis (%),1778,2421,1253,4305,11139,6834,success,S46,3
Gastrocnemius Lateralis (%),1778,2421,1253,4305,11139,6834,success,S46,3
Rectus Femoris (%),1259,2421,1253,3048,7888,4840,success,S46,3
Vastus Lateralis (%),1778,2421,1253,4305,11139,6834,success,S46,3
Vastus Medialis (%),1778,2421,1253,4305,11139,6834,success,S46,3
Semitendinosus (%),1259,2421,1253,3048,7888,4840,success,S46,3
Bicep Femoris (%),1259,2421,1253,3048,7888,4840,success,S46,3
Tibialis Anterior (%),1259,2724,1259,3430,7925,4495,success,S46,4
Gastrocnemius Medialis (%),1778,2724,1259,4843,11193,6350,success,S46,4
Gastrocnemius Lateralis (%),1778,2724,1259,4843,11193,6350,success,S46,4
Rectus Femoris (%),1259,2724,1259,3430,7925,4495,success,S46,4
Vastus Lateralis (%),1778,2724,1259,4843,11193,6350,success,S46,4
Vastus Medialis (%),1778,2724,1259,4843,11193,6350,success,S46,4
Semitendinosus (%),1259,2724,1259,3430,7925,4495,success,S46,4
Bicep Femoris (%),1259,2724,1259,3430,7925,4495,success,S46,4
Tibialis Anterior (%),1259,2543,1289,3202,8114,4912,success,S46,5
Gastrocnemius Medialis (%),1778,2543,1289,4521,11459,6938,success,S46,5
Gastrocnemius Lateralis (%),1778,2543,1289,4521,11459,6938,success,S46,5
Rectus Femoris (%),1259,2543,1289,3202,8114,4912,success,S46,5
Vastus Lateralis (%),1778,2543,1289,4521,11459,6938,success,S46,5
Vastus Medialis (%),1778,2543,1289,4521,11459,6938,success,S46,5
Semitendinosus (%),1259,2543,1289,3202,8114,4912,success,S46,5
Bicep Femoris (%),1259,2543,1289,3202,8114,4912,success,S46,5
Tibialis Anterior (%),1259,1724,1035,2171,6515,4344,success,S26,1
Gastrocnemius Medialis (%),1778,1724,1035,3065,9201,6136,success,S26,1
Gastrocnemius Lateralis (%),1778,1724,1035,3065,9201,6136,success,S26,1
Rectus Femoris (%),1259,1724,1035,2171,6515,4344,success,S26,1
Vastus Lateralis (%),1778,1724,1035,3065,9201,6136,success,S26,1
Vastus Medialis (%),1778,1724,1035,3065,9201,6136,success,S26,1
Semitendinosus (%),1259,1724,1035,2171,6515,4344,success,S26,1
Bicep Femoris (%),1259,1724,1035,2171,6515,4344,success,S26,1
Tibialis Anterior (%),1259,2733,1034,3441,6509,3068,success,S26,2
Gastrocnemius Medialis (%),1778,2733,1034,4859,9192,4333,success,S26,2
Gastrocnemius Lateralis (%),1778,2733,1034,4859,9192,4333,success,S26,2
Rectus Femoris (%),1259,2733,1034,3441,6509,3068,success,S26,2
Vastus Lateralis (%),1778,2733,1034,4859,9192,4333,success,S26,2
Vastus Medialis (%),1778,2733,1034,4859,9192,4333,success,S26,2
Semitendinosus (%),1259,2733,1034,3441,6509,3068,success,S26,2
Bicep Femoris (%),1259,2733,1034,3441,6509,3068,success,S26,2
Tibialis Anterior (%),1259,3302,1156,4157,7277,3120,success,S26,3
Gastrocnemius Medialis (%),1778,3302,1156,5871,10277,4406,success,S26,3
Gastrocnemius Lateralis (%),1778,3302,1156,5871,10277,4406,success,S26,3
Rectus Femoris (%),1259,3302,1156,4157,7277,3120,success,S26,3
Vastus Lateralis (%),1778,3302,1156,5871,10277,4406,success,S26,3
Vastus Medialis (%),1778,3302,1156,5871,10277,4406,success,S26,3
Semitendinosus (%),1259,3302,1156,4157,7277,3120,success,S26,3
Bicep Femoris (%),1259,3302,1156,4157,7277,3120,success,S26,3
Tibialis Anterior (%),1259,2240,917,2820,5773,2953,success,S26,4
Gastrocnemius Medialis (%),1778,2240,917,3983,8152,4169,success,S26,4
Gastrocnemius Lateralis (%),1778,2240,917,3983,8152,4169,success,S26,4
Rectus Femoris (%),1259,2240,917,2820,5773,2953,success,S26,4
Vastus Lateralis (%),1778,2240,917,3983,8152,4169,success,S26,4
Vastus Medialis (%),1778,2240,917,3983,8152,4169,success,S26,4
Semitendinosus (%),1259,2240,917,2820,5773,2953,success,S26,4
Bicep Femoris (%),1259,2240,917,2820,5773,2953,success,S26,4
Tibialis Anterior (%),1259,2325,900,2927,5666,2739,success,S26,5
Gastrocnemius Medialis (%),1778,2325,900,4134,8001,3867,success,S26,5
Gastrocnemius Lateralis (%),1778,2325,900,4134,8001,3867,success,S26,5
Rectus Femoris (%),1259,2325,900,2927,5666,2739,success,S26,5
Vastus Lateralis (%),1778,2325,900,4134,8001,3867,success,S26,5
Vastus Medialis (%),1778,2325,900,4134,8001,3867,success,S26,5
Semitendinosus (%),1259,2325,900,2927,5666,2739,success,S26,5
Bicep Femoris (%),1259,2325,900,2927,5666,2739,success,S26,5
Tibialis Anterior (%),1259,3081,1028,3879,6471,2592,success,S29,1
Gastrocnemius Medialis (%),1778,3081,1028,5478,9139,3661,success,S29,1
Gastrocnemius Lateralis (%),1778,3081,1028,5478,9139,3661,success,S29,1
Rectus Femoris (%),1259,3081,1028,3879,6471,2592,success,S29,1
Vastus Lateralis (%),1778,3081,1028,5478,9139,3661,success,S29,1
Vastus Medialis (%),1778,3081,1028,5478,9139,3661,success,S29,1
Semitendinosus (%),1259,3081,1028,3879,6471,2592,success,S29,1
Bicep Femoris (%),1259,3081,1028,3879,6471,2592,success,S29,1
Tibialis Anterior (%),1259,2904,1006,3656,6333,2677,success,S29,2
Gastrocnemius Medialis (%),1778,2904,1006,5163,8943,3780,success,S29,2
Gastrocnemius Lateralis (%),1778,2904,1006,5163,8943,3780,success,S29,2
Rectus Femoris (%),1259,2904,1006,3656,6333,2677,success,S29,2
Vastus Lateralis (%),1778,2904,1006,5163,8943,3780,success,S29,2
Vastus Medialis (%),1778,2904,1006,5163,8943,3780,success,S29,2
Semitendinosus (%),1259,2904,1006,3656,6333,2677,success,S29,2
Bicep Femoris (%),1259,2904,1006,3656,6333,2677,success,S29,2
Tibialis Anterior (%),1259,2374,882,2989,5552,2563,success,S29,3
Gastrocnemius Medialis (%),1778,2374,882,4221,7841,3620,success,S29,3
Gastrocnemius Lateralis (%),1778,2374,882,4221,7841,3620,success,S29,3
Rectus Femoris (%),1259,2374,882,2989,5552,2563,success,S29,3
Vastus Lateralis (%),1778,2374,882,4221,7841,3620,success,S29,3
Vastus Medialis (%),1778,2374,882,4221,7841,3620,success,S29,3
Semitendinosus (%),1259,2374,882,2989,5552,2563,success,S29,3
Bicep Femoris (%),1259,2374,882,2989,5552,2563,success,S29,3
Tibialis Anterior (%),1259,2729,1034,3436,6509,3073,success,S29,5
Gastrocnemius Medialis (%),1778,2729,1034,4852,9192,4340,success,S29,5
Gastrocnemius Lateralis (%),1778,2729,1034,4852,9192,4340,success,S29,5
Rectus Femoris (%),1259,2729,1034,3436,6509,3073,success,S29,5
Vastus Lateralis (%),1778,2729,1034,4852,9192,4340,success,S29,5
Vastus Medialis (%),1778,2729,1034,4852,9192,4340,success,S29,5
Semitendinosus (%),1259,2729,1034,3436,6509,3073,success,S29,5
Bicep Femoris (%),1259,2729,1034,3436,6509,3073,success,S29,5
Tibialis Anterior (%),1259,241,986,303,6207,5904,success,S30,5
Gastrocnemius Medialis (%),1778,241,986,428,8766,8338,success,S30,5
Gastrocnemius Lateralis (%),1778,241,986,428,8766,8338,success,S30,5
Rectus Femoris (%),1259,241,986,303,6207,5904,success,S30,5
Vastus Lateralis (%),1778,241,986,428,8766,8338,success,S30,5
Vastus Medialis (%),1778,241,986,428,8766,8338,success,S30,5
Semitendinosus (%),1259,241,986,303,6207,5904,success,S30,5
Bicep Femoris (%),1259,241,986,303,6207,5904,success,S30,5
Tibialis Anterior (%),1259,3374,1271,4248,8001,3753,success,S32,3
Gastrocnemius Medialis (%),1778,3374,1271,5999,11299,5300,success,S32,3
Gastrocnemius Lateralis (%),1778,3374,1271,5999,11299,5300,success,S32,3
Rectus Femoris (%),1259,3374,1271,4248,8001,3753,success,S32,3
Vastus Lateralis (%),1778,3374,1271,5999,11299,5300,success,S32,3
Vastus Medialis (%),1778,3374,1271,5999,11299,5300,success,S32,3
Semitendinosus (%),1259,3374,1271,4248,8001,3753,success,S32,3
Bicep Femoris (%),1259,3374,1271,4248,8001,3753,success,S32,3
Tibialis Anterior (%),1259,3648,1322,4593,8322,3729,success,S32,4
Gastrocnemius Medialis (%),1778,3648,1322,6486,11753,5267,success,S32,4
Gastrocnemius Lateralis (%),1778,3648,1322,6486,11753,5267,success,S32,4
Rectus Femoris (%),1259,3648,1322,4593,8322,3729,success,S32,4
Vastus Lateralis (%),1778,3648,1322,6486,11753,5267,success,S32,4
Vastus Medialis (%),1778,3648,1322,6486,11753,5267,success,S32,4
Semitendinosus (%),1259,3648,1322,4593,8322,3729,success,S32,4
Bicep Femoris (%),1259,3648,1322,4593,8322,3729,success,S32,4
Tibialis Anterior (%),1259,2468,1206,3107,7592,4485,success,S32,5
Gastrocnemius Medialis (%),1778,2468,1206,4388,10721,6333,success,S32,5
Gastrocnemius Lateralis (%),1778,2468,1206,4388,10721,6333,success,S32,5
Rectus Femoris (%),1259,2468,1206,3107,7592,4485,success,S32,5
Vastus Lateralis (%),1778,2468,1206,4388,10721,6333,success,S32,5
Vastus Medialis (%),1778,2468,1206,4388,10721,6333,success,S32,5
Semitendinosus (%),1259,2468,1206,3107,7592,4485,success,S32,5
Bicep Femoris (%),1259,2468,1206,3107,7592,4485,success,S32,5
Tibialis Anterior (%),1259,1842,932,2319,5867,3548,success,S34,1
Gastrocnemius Medialis (%),1778,1842,932,3275,8285,5010,success,S34,1
Gastrocnemius Lateralis (%),1778,1842,932,3275,8285,5010,success,S34,1
Rectus Femoris (%),1259,1842,932,2319,5867,3548,success,S34,1
Vastus Lateralis (%),1778,1842,932,3275,8285,5010,success,S34,1
Vastus Medialis (%),1778,1842,932,3275,8285,5010,success,S34,1
Semitendinosus (%),1259,1842,932,2319,5867,3548,success,S34,1
Bicep Femoris (%),1259,1842,932,2319,5867,3548,success,S34,1
Tibialis Anterior (%),1259,2435,1025,3066,6452,3386,success,S34,2
Gastrocnemius Medialis (%),1778,2435,1025,4329,9112,4783,success,S34,2
Gastrocnemius Lateralis (%),1778,2435,1025,4329,9112,4783,success,S34,2
Rectus Femoris (%),1259,2435,1025,3066,6452,3386,success,S34,2
Vastus Lateralis (%),1778,2435,1025,4329,9112,4783,success,S34,2
Vastus Medialis (%),1778,2435,1025,4329,9112,4783,success,S34,2
Semitendinosus (%),1259,2435,1025,3066,6452,3386,success,S34,2
Bicep Femoris (%),1259,2435,1025,3066,6452,3386,success,S34,2
Tibialis Anterior (%),1259,2052,905,2583,5697,3114,success,S34,3
Gastrocnemius Medialis (%),1778,2052,905,3648,8045,4397,success,S34,3
Gastrocnemius Lateralis (%),1778,2052,905,3648,8045,4397,success,S34,3
Rectus Femoris (%),1259,2052,905,2583,5697,3114,success,S34,3
Vastus Lateralis (%),1778,2052,905,3648,8045,4397,success,S34,3
Vastus Medialis (%),1778,2052,905,3648,8045,4397,success,S34,3
Semitendinosus (%),1259,2052,905,2583,5697,3114,success,S34,3
Bicep Femoris (%),1259,2052,905,2583,5697,3114,success,S34,3
Tibialis Anterior (%),1259,2510,1011,3160,6364,3204,success,S34,4
Gastrocnemius Medialis (%),1778,2510,1011,4463,8988,4525,success,S34,4
Gastrocnemius Lateralis (%),1778,2510,1011,4463,8988,4525,success,S34,4
Rectus Femoris (%),1259,2510,1011,3160,6364,3204,success,S34,4
Vastus Lateralis (%),1778,2510,1011,4463,8988,4525,success,S34,4
Vastus Medialis (%),1778,2510,1011,4463,8988,4525,success,S34,4
Semitendinosus (%),1259,2510,1011,3160,6364,3204,success,S34,4
Bicep Femoris (%),1259,2510,1011,3160,6364,3204,success,S34,4
Tibialis Anterior (%),1259,3019,1157,3801,7283,3482,success,S34,5
Gastrocnemius Medialis (%),1778,3019,1157,5368,10286,4918,success,S34,5
Gastrocnemius Lateralis (%),1778,3019,1157,5368,10286,4918,success,S34,5
Rectus Femoris (%),1259,3019,1157,3801,7283,3482,success,S34,5
Vastus Lateralis (%),1778,3019,1157,5368,10286,4918,success,S34,5
Vastus Medialis (%),1778,3019,1157,5368,10286,4918,success,S34,5
Semitendinosus (%),1259,3019,1157,3801,7283,3482,success,S34,5
Bicep Femoris (%),1259,3019,1157,3801,7283,3482,success,S34,5
Tibialis Anterior (%),1259,2925,1226,3683,7718,4035,success,S37,2
Gastrocnemius Medialis (%),1778,2925,1226,5201,10899,5698,success,S37,2
Gastrocnemius Lateralis (%),1778,2925,1226,5201,10899,5698,success,S37,2
Rectus Femoris (%),1259,2925,1226,3683,7718,4035,success,S37,2
Vastus Lateralis (%),1778,2925,1226,5201,10899,5698,success,S37,2
Vastus Medialis (%),1778,2925,1226,5201,10899,5698,success,S37,2
Semitendinosus (%),1259,2925,1226,3683,7718,4035,success,S37,2
Bicep Femoris (%),1259,2925,1226,3683,7718,4035,success,S37,2
Tibialis Anterior (%),1259,3546,1193,4464,7510,3046,success,S37,4
Gastrocnemius Medialis (%),1778,3546,1193,6305,10606,4301,success,S37,4
Gastrocnemius Lateralis (%),1778,3546,1193,6305,10606,4301,success,S37,4
Rectus Femoris (%),1259,3546,1193,4464,7510,3046,success,S37,4
Vastus Lateralis (%),1778,3546,1193,6305,10606,4301,success,S37,4
Vastus Medialis (%),1778,3546,1193,6305,10606,4301,success,S37,4
Semitendinosus (%),1259,3546,1193,4464,7510,3046,success,S37,4
Bicep Femoris (%),1259,3546,1193,4464,7510,3046,success,S37,4
Tibialis Anterior (%),1259,2801,1089,3526,6855,3329,success,S37,5
Gastrocnemius Medialis (%),1778,2801,1089,4980,9681,4701,success,S37,5
Gastrocnemius Lateralis (%),1778,2801,1089,4980,9681,4701,success,S37,5
Rectus Femoris (%),1259,2801,1089,3526,6855,3329,success,S37,5
Vastus Lateralis (%),1778,2801,1089,4980,9681,4701,success,S37,5
Vastus Medialis (%),1778,2801,1089,4980,9681,4701,success,S37,5
Semitendinosus (%),1259,2801,1089,3526,6855,3329,success,S37,5
Bicep Femoris (%),1259,2801,1089,3526,6855,3329,success,S37,5
Tibialis Anterior (%),1259,2573,1135,3239,7145,3906,success,S38,1
Gastrocnemius Medialis (%),1778,2573,1135,4575,10090,5515,success,S38,1
Gastrocnemius Lateralis (%),1778,2573,1135,4575,10090,5515,success,S38,1
Rectus Femoris (%),1259,2573,1135,3239,7145,3906,success,S38,1
Vastus Lateralis (%),1778,2573,1135,4575,10090,5515,success,S38,1
Vastus Medialis (%),1778,2573,1135,4575,10090,5515,success,S38,1
Semitendinosus (%),1259,2573,1135,3239,7145,3906,success,S38,1
Bicep Femoris (%),1259,2573,1135,3239,7145,3906,success,S38,1
Tibialis Anterior (%),1259,2640,1200,3324,7554,4230,success,S38,2
Gastrocnemius Medialis (%),1778,2640,1200,4694,10668,5974,success,S38,2
Gastrocnemius Lateralis (%),1778,2640,1200,4694,10668,5974,success,S38,2
Rectus Femoris (%),1259,2640,1200,3324,7554,4230,success,S38,2
Vastus Lateralis (%),1778,2640,1200,4694,10668,5974,success,S38,2
Vastus Medialis (%),1778,2640,1200,4694,10668,5974,success,S38,2
Semitendinosus (%),1259,2640,1200,3324,7554,4230,success,S38,2
Bicep Femoris (%),1259,2640,1200,3324,7554,4230,success,S38,2
Tibialis Anterior (%),1259,2815,1270,3544,7995,4451,success,S38,3
Gastrocnemius Medialis (%),1778,2815,1270,5005,11290,6285,success,S38,3
Gastrocnemius Lateralis (%),1778,2815,1270,5005,11290,6285,success,S38,3
Rectus Femoris (%),1259,2815,1270,3544,7995,4451,success,S38,3
Vastus Lateralis (%),1778,2815,1270,5005,11290,6285,success,S38,3
Vastus Medialis (%),1778,2815,1270,5005,11290,6285,success,S38,3
Semitendinosus (%),1259,2815,1270,3544,7995,4451,success,S38,3
Bicep Femoris (%),1259,2815,1270,3544,7995,4451,success,S38,3
Tibialis Anterior (%),1259,3635,1373,4576,8643,4067,success,S38,4
Gastrocnemius Medialis (%),1778,3635,1373,6463,12206,5743,success,S38,4
Gastrocnemius Lateralis (%),1778,3635,1373,6463,12206,5743,success,S38,4
Rectus Femoris (%),1259,3635,1373,4576,8643,4067,success,S38,4
Vastus Lateralis (%),1778,3635,1373,6463,12206,5743,success,S38,4
Vastus Medialis (%),1778,3635,1373,6463,12206,5743,success,S38,4
Semitendinosus (%),1259,3635,1373,4576,8643,4067,success,S38,4
Bicep Femoris (%),1259,3635,1373,4576,8643,4067,success,S38,4
Tibialis Anterior (%),1259,2640,1200,3324,7554,4230,success,S38,5
Gastrocnemius Medialis (%),1778,2640,1200,4694,10668,5974,success,S38,5
Gastrocnemius Lateralis (%),1778,2640,1200,4694,10668,5974,success,S38,5
Rectus Femoris (%),1259,2640,1200,3324,7554,4230,success,S38,5
Vastus Lateralis (%),1778,2640,1200,4694,10668,5974,success,S38,5
Vastus Medialis (%),1778,2640,1200,4694,10668,5974,success,S38,5
Semitendinosus (%),1259,2640,1200,3324,7554,4230,success,S38,5
Bicep Femoris (%),1259,2640,1200,3324,7554,4230,success,S38,5
Tibialis Anterior (%),1259,3086,1212,3885,7630,3745,success,S43,1
Gastrocnemius Medialis (%),1778,3086,1212,5487,10775,5288,success,S43,1
Gastrocnemius Lateralis (%),1778,3086,1212,5487,10775,5288,success,S43,1
Rectus Femoris (%),1259,3086,1212,3885,7630,3745,success,S43,1
Vastus Lateralis (%),1778,3086,1212,5487,10775,5288,success,S43,1
Vastus Medialis (%),1778,3086,1212,5487,10775,5288,success,S43,1
Semitendinosus (%),1259,3086,1212,3885,7630,3745,success,S43,1
Bicep Femoris (%),1259,3086,1212,3885,7630,3745,success,S43,1
Tibialis Anterior (%),1259,1056,1044,1330,6572,5242,success,S43,3
Gastrocnemius Medialis (%),1778,1056,1044,1878,9281,7403,success,S43,3
Gastrocnemius Lateralis (%),1778,1056,1044,1878,9281,7403,success,S43,3
Rectus Femoris (%),1259,1056,1044,1330,6572,5242,success,S43,3
Vastus Lateralis (%),1778,1056,1044,1878,9281,7403,success,S43,3
Vastus Medialis (%),1778,1056,1044,1878,9281,7403,success,S43,3
Semitendinosus (%),1259,1056,1044,1330,6572,5242,success,S43,3
Bicep Femoris (%),1259,1056,1044,1330,6572,5242,success,S43,3
Tibialis Anterior (%),1259,1024,1147,1289,7220,5931,success,S43,4
Gastrocnemius Medialis (%),1778,1024,1147,1821,10197,8376,success,S43,4
Gastrocnemius Lateralis (%),1778,1024,1147,1821,10197,8376,success,S43,4
Rectus Femoris (%),1259,1024,1147,1289,7220,5931,success,S43,4
Vastus Lateralis (%),1778,1024,1147,1821,10197,8376,success,S43,4
Vastus Medialis (%),1778,1024,1147,1821,10197,8376,success,S43,4
Semitendinosus (%),1259,1024,1147,1289,7220,5931,success,S43,4
Bicep Femoris (%),1259,1024,1147,1289,7220,5931,success,S43,4
Tibialis Anterior (%),1259,1406,1159,1770,7296,5526,success,S43,5
Gastrocnemius Medialis (%),1778,1406,1159,2500,10304,7804,success,S43,5
Gastrocnemius Lateralis (%),1778,1406,1159,2500,10304,7804,success,S43,5
Rectus Femoris (%),1259,1406,1159,1770,7296,5526,success,S43,5
Vastus Lateralis (%),1778,1406,1159,2500,10304,7804,success,S43,5
Vastus Medialis (%),1778,1406,1159,2500,10304,7804,success,S43,5
Semitendinosus (%),1259,1406,1159,1770,7296,5526,success,S43,5
Bicep Femoris (%),1259,1406,1159,1770,7296,5526,success,S43,5
Tibialis Anterior (%),1259,2432,932,3062,5867,2805,success,S60,1
Gastrocnemius Medialis (%),1778,2432,932,4324,8285,3961,success,S60,1
Gastrocnemius Lateralis (%),1778,2432,932,4324,8285,3961,success,S60,1
Rectus Femoris (%),1259,2432,932,3062,5867,2805,success,S60,1
Vastus Lateralis (%),1778,2432,932,4324,8285,3961,success,S60,1
Vastus Medialis (%),1778,2432,932,4324,8285,3961,success,S60,1
Semitendinosus (%),1259,2432,932,3062,5867,2805,success,S60,1
Bicep Femoris (%),1259,2432,932,3062,5867,2805,success,S60,1
Tibialis Anterior (%),1259,1517,944,1910,5942,4032,success,S60,4
Gastrocnemius Medialis (%),1778,1517,944,2697,8392,5695,success,S60,4
Gastrocnemius Lateralis (%),1778,1517,944,2697,8392,5695,success,S60,4
Rectus Femoris (%),1259,1517,944,1910,5942,4032,success,S60,4
Vastus Lateralis (%),1778,1517,944,2697,8392,5695,success,S60,4
Vastus Medialis (%),1778,1517,944,2697,8392,5695,success,S60,4
Semitendinosus (%),1259,1517,944,1910,5942,4032,success,S60,4
Bicep Femoris (%),1259,1517,944,1910,5942,4032,success,S60,4
Tibialis Anterior (%),1259,2390,923,3009,5810,2801,success,S60,5
Gastrocnemius Medialis (%),1778,2390,923,4249,8205,3956,success,S60,5
Gastrocnemius Lateralis (%),1778,2390,923,4249,8205,3956,success,S60,5
Rectus Femoris (%),1259,2390,923,3009,5810,2801,success,S60,5
Vastus Lateralis (%),1778,2390,923,4249,8205,3956,success,S60,5
Vastus Medialis (%),1778,2390,923,4249,8205,3956,success,S60,5
Semitendinosus (%),1259,2390,923,3009,5810,2801,success,S60,5
Bicep Femoris (%),1259,2390,923,3009,5810,2801,success,S60,5
Tibialis Anterior (%),1259,2658,1036,3346,6522,3176,success,S64,1
Gastrocnemius Medialis (%),1778,2658,1036,4726,9210,4484,success,S64,1
Gastrocnemius Lateralis (%),1778,2658,1036,4726,9210,4484,success,S64,1
Rectus Femoris (%),1259,2658,1036,3346,6522,3176,success,S64,1
Vastus Lateralis (%),1778,2658,1036,4726,9210,4484,success,S64,1
Vastus Medialis (%),1778,2658,1036,4726,9210,4484,success,S64,1
Semitendinosus (%),1259,2658,1036,3346,6522,3176,success,S64,1
Bicep Femoris (%),1259,2658,1036,3346,6522,3176,success,S64,1
Tibialis Anterior (%),1259,2508,951,3158,5987,2829,success,S64,2
Gastrocnemius Medialis (%),1778,2508,951,4459,8454,3995,success,S64,2
Gastrocnemius Lateralis (%),1778,2508,951,4459,8454,3995,success,S64,2
Rectus Femoris (%),1259,2508,951,3158,5987,2829,success,S64,2
Vastus Lateralis (%),1778,2508,951,4459,8454,3995,success,S64,2
Vastus Medialis (%),1778,2508,951,4459,8454,3995,success,S64,2
Semitendinosus (%),1259,2508,951,3158,5987,2829,success,S64,2
Bicep Femoris (%),1259,2508,951,3158,5987,2829,success,S64,2
Tibialis Anterior (%),1259,0,983,0,6188,6188,success,S64,3
Gastrocnemius Medialis (%),1778,0,983,0,8739,8739,success,S64,3
Gastrocnemius Lateralis (%),1778,0,983,0,8739,8739,success,S64,3
Rectus Femoris (%),1259,0,983,0,6188,6188,success,S64,3
Vastus Lateralis (%),1778,0,983,0,8739,8739,success,S64,3
Vastus Medialis (%),1778,0,983,0,8739,8739,success,S64,3
Semitendinosus (%),1259,0,983,0,6188,6188,success,S64,3
Bicep Femoris (%),1259,0,983,0,6188,6188,success,S64,3
Tibialis Anterior (%),1259,2570,978,3236,6157,2921,success,S64,4
Gastrocnemius Medialis (%),1778,2570,978,4569,8694,4125,success,S64,4
Gastrocnemius Lateralis (%),1778,2570,978,4569,8694,4125,success,S64,4
Rectus Femoris (%),1259,2570,978,3236,6157,2921,success,S64,4
Vastus Lateralis (%),1778,2570,978,4569,8694,4125,success,S64,4
Vastus Medialis (%),1778,2570,978,4569,8694,4125,success,S64,4
Semitendinosus (%),1259,2570,978,3236,6157,2921,success,S64,4
Bicep Femoris (%),1259,2570,978,3236,6157,2921,success,S64,4
Tibialis Anterior (%),1259,2310,907,2908,5710,2802,success,S64,5
Gastrocnemius Medialis (%),1778,2310,907,4107,8063,3956,success,S64,5
Gastrocnemius Lateralis (%),1778,2310,907,4107,8063,3956,success,S64,5
Rectus Femoris (%),1259,2310,907,2908,5710,2802,success,S64,5
Vastus Lateralis (%),1778,2310,907,4107,8063,3956,success,S64,5
Vastus Medialis (%),1778,2310,907,4107,8063,3956,success,S64,5
Semitendinosus (%),1259,2310,907,2908,5710,2802,success,S64,5
Bicep Femoris (%),1259,2310,907,2908,5710,2802,success,S64,5
Tibialis Anterior (%),1259,1312,895,1652,5634,3982,success,S65,1
Gastrocnemius Medialis (%),1778,1312,895,2333,7957,5624,success,S65,1
Gastrocnemius Lateralis (%),1778,1312,895,2333,7957,5624,success,S65,1
Rectus Femoris (%),1259,1312,895,1652,5634,3982,success,S65,1
Vastus Lateralis (%),1778,1312,895,2333,7957,5624,success,S65,1
Vastus Medialis (%),1778,1312,895,2333,7957,5624,success,S65,1
Semitendinosus (%),1259,1312,895,1652,5634,3982,success,S65,1
Bicep Femoris (%),1259,1312,895,1652,5634,3982,success,S65,1
Tibialis Anterior (%),1259,1088,936,1370,5892,4522,success,S65,2
Gastrocnemius Medialis (%),1778,1088,936,1934,8321,6387,success,S65,2
Gastrocnemius Lateralis (%),1778,1088,936,1934,8321,6387,success,S65,2
Rectus Femoris (%),1259,1088,936,1370,5892,4522,success,S65,2
Vastus Lateralis (%),1778,1088,936,1934,8321,6387,success,S65,2
Vastus Medialis (%),1778,1088,936,1934,8321,6387,success,S65,2
Semitendinosus (%),1259,1088,936,1370,5892,4522,success,S65,2
Bicep Femoris (%),1259,1088,936,1370,5892,4522,success,S65,2
Tibialis Anterior (%),1259,892,918,1123,5779,4656,success,S65,3
Gastrocnemius Medialis (%),1778,892,918,1586,8161,6575,success,S65,3
Gastrocnemius Lateralis (%),1778,892,918,1586,8161,6575,success,S65,3
Rectus Femoris (%),1259,892,918,1123,5779,4656,success,S65,3
Vastus Lateralis (%),1778,892,918,1586,8161,6575,success,S65,3
Vastus Medialis (%),1778,892,918,1586,8161,6575,success,S65,3
Semitendinosus (%),1259,892,918,1123,5779,4656,success,S65,3
Bicep Femoris (%),1259,892,918,1123,5779,4656,success,S65,3
Tibialis Anterior (%),1259,2556,897,3218,5647,2429,success,S65,4
Gastrocnemius Medialis (%),1778,2556,897,4545,7974,3429,success,S65,4
Gastrocnemius Lateralis (%),1778,2556,897,4545,7974,3429,success,S65,4
Rectus Femoris (%),1259,2556,897,3218,5647,2429,success,S65,4
Vastus Lateralis (%),1778,2556,897,4545,7974,3429,success,S65,4
Vastus Medialis (%),1778,2556,897,4545,7974,3429,success,S65,4
Semitendinosus (%),1259,2556,897,3218,5647,2429,success,S65,4
Bicep Femoris (%),1259,2556,897,3218,5647,2429,success,S65,4
Tibialis Anterior (%),1259,0,866,0,5451,5451,success,S65,5
Gastrocnemius Medialis (%),1778,0,866,0,7699,7699,success,S65,5
Gastrocnemius Lateralis (%),1778,0,866,0,7699,7699,success,S65,5
Rectus Femoris (%),1259,0,866,0,5451,5451,success,S65,5
Vastus Lateralis (%),1778,0,866,0,7699,7699,success,S65,5
Vastus Medialis (%),1778,0,866,0,7699,7699,success,S65,5
Semitendinosus (%),1259,0,866,0,5451,5451,success,S65,5
Bicep Femoris (%),1259,0,866,0,5451,5451,success,S65,5
Tibialis Anterior (%),1259,2914,1115,3669,7019,3350,success,S40,1
Gastrocnemius Medialis (%),1778,2914,1115,5181,9912,4731,success,S40,1
Gastrocnemius Lateralis (%),1778,2914,1115,5181,9912,4731,success,S40,1
Rectus Femoris (%),1259,2914,1115,3669,7019,3350,success,S40,1
Vastus Lateralis (%),1778,2914,1115,5181,9912,4731,success,S40,1
Vastus Medialis (%),1778,2914,1115,5181,9912,4731,success,S40,1
Semitendinosus (%),1259,2914,1115,3669,7019,3350,success,S40,1
Bicep Femoris (%),1259,2914,1115,3669,7019,3350,success,S40,1
Tibialis Anterior (%),1259,2641,1048,3325,6597,3272,success,S40,2
Gastrocnemius Medialis (%),1778,2641,1048,4696,9317,4621,success,S40,2
Gastrocnemius Lateralis (%),1778,2641,1048,4696,9317,4621,success,S40,2
Rectus Femoris (%),1259,2641,1048,3325,6597,3272,success,S40,2
Vastus Lateralis (%),1778,2641,1048,4696,9317,4621,success,S40,2
Vastus Medialis (%),1778,2641,1048,4696,9317,4621,success,S40,2
Semitendinosus (%),1259,2641,1048,3325,6597,3272,success,S40,2
Bicep Femoris (%),1259,2641,1048,3325,6597,3272,success,S40,2
Tibialis Anterior (%),1259,1808,1011,2276,6364,4088,success,S40,3
Gastrocnemius Medialis (%),1778,1808,1011,3215,8988,5773,success,S40,3
Gastrocnemius Lateralis (%),1778,1808,1011,3215,8988,5773,success,S40,3
Rectus Femoris (%),1259,1808,1011,2276,6364,4088,success,S40,3
Vastus Lateralis (%),1778,1808,1011,3215,8988,5773,success,S40,3
Vastus Medialis (%),1778,1808,1011,3215,8988,5773,success,S40,3
Semitendinosus (%),1259,1808,1011,2276,6364,4088,success,S40,3
Bicep Femoris (%),1259,1808,1011,2276,6364,4088,success,S40,3
Tibialis Anterior (%),1259,2227,905,2804,5697,2893,success,S40,4
Gastrocnemius Medialis (%),1778,2227,905,3960,8045,4085,success,S40,4
Gastrocnemius Lateralis (%),1778,2227,905,3960,8045,4085,success,S40,4
Rectus Femoris (%),1259,2227,905,2804,5697,2893,success,S40,4
Vastus Lateralis (%),1778,2227,905,3960,8045,4085,success,S40,4
Vastus Medialis (%),1778,2227,905,3960,8045,4085,success,S40,4
Semitendinosus (%),1259,2227,905,2804,5697,2893,success,S40,4
Bicep Femoris (%),1259,2227,905,2804,5697,2893,success,S40,4
Tibialis Anterior (%),1259,1826,844,2299,5313,3014,success,S40,5
Gastrocnemius Medialis (%),1778,1826,844,3247,7503,4256,success,S40,5
Gastrocnemius Lateralis (%),1778,1826,844,3247,7503,4256,success,S40,5
Rectus Femoris (%),1259,1826,844,2299,5313,3014,success,S40,5
Vastus Lateralis (%),1778,1826,844,3247,7503,4256,success,S40,5
Vastus Medialis (%),1778,1826,844,3247,7503,4256,success,S40,5
Semitendinosus (%),1259,1826,844,2299,5313,3014,success,S40,5
Bicep Femoris (%),1259,1826,844,2299,5313,3014,success,S40,5
Tibialis Anterior (%),1259,1017,1187,1280,7472,6192,success,S45,1
Gastrocnemius Medialis (%),1778,1017,1187,1808,10552,8744,success,S45,1
Gastrocnemius Lateralis (%),1778,1017,1187,1808,10552,8744,success,S45,1
Rectus Femoris (%),1259,1017,1187,1280,7472,6192,success,S45,1
Vastus Lateralis (%),1778,1017,1187,1808,10552,8744,success,S45,1
Vastus Medialis (%),1778,1017,1187,1808,10552,8744,success,S45,1
Semitendinosus (%),1259,1017,1187,1280,7472,6192,success,S45,1
Bicep Femoris (%),1259,1017,1187,1280,7472,6192,success,S45,1
Tibialis Anterior (%),1259,2569,987,3234,6213,2979,success,S45,2
Gastrocnemius Medialis (%),1778,2569,987,4568,8774,4206,success,S45,2
Gastrocnemius Lateralis (%),1778,2569,987,4568,8774,4206,success,S45,2
Rectus Femoris (%),1259,2569,987,3234,6213,2979,success,S45,2
Vastus Lateralis (%),1778,2569,987,4568,8774,4206,success,S45,2
Vastus Medialis (%),1778,2569,987,4568,8774,4206,success,S45,2
Semitendinosus (%),1259,2569,987,3234,6213,2979,success,S45,2
Bicep Femoris (%),1259,2569,987,3234,6213,2979,success,S45,2
Tibialis Anterior (%),1259,2273,935,2862,5886,3024,success,S45,3
Gastrocnemius Medialis (%),1778,2273,935,4041,8312,4271,success,S45,3
Gastrocnemius Lateralis (%),1778,2273,935,4041,8312,4271,success,S45,3
Rectus Femoris (%),1259,2273,935,2862,5886,3024,success,S45,3
Vastus Lateralis (%),1778,2273,935,4041,8312,4271,success,S45,3
Vastus Medialis (%),1778,2273,935,4041,8312,4271,success,S45,3
Semitendinosus (%),1259,2273,935,2862,5886,3024,success,S45,3
Bicep Femoris (%),1259,2273,935,2862,5886,3024,success,S45,3
Tibialis Anterior (%),1259,2683,959,3378,6037,2659,success,S45,4
Gastrocnemius Medialis (%),1778,2683,959,4770,8526,3756,success,S45,4
Gastrocnemius Lateralis (%),1778,2683,959,4770,8526,3756,success,S45,4
Rectus Femoris (%),1259,2683,959,3378,6037,2659,success,S45,4
Vastus Lateralis (%),1778,2683,959,4770,8526,3756,success,S45,4
Vastus Medialis (%),1778,2683,959,4770,8526,3756,success,S45,4
Semitendinosus (%),1259,2683,959,3378,6037,2659,success,S45,4
Bicep Femoris (%),1259,2683,959,3378,6037,2659,success,S45,4
Tibialis Anterior (%),1259,2836,961,3571,6049,2478,success,S45,5
Gastrocnemius Medialis (%),1778,2836,961,5042,8543,3501,success,S45,5
Gastrocnemius Lateralis (%),1778,2836,961,5042,8543,3501,success,S45,5
Rectus Femoris (%),1259,2836,961,3571,6049,2478,success,S45,5
Vastus Lateralis (%),1778,2836,961,5042,8543,3501,success,S45,5
Vastus Medialis (%),1778,2836,961,5042,8543,3501,success,S45,5
Semitendinosus (%),1259,2836,961,3571,6049,2478,success,S45,5
Bicep Femoris (%),1259,2836,961,3571,6049,2478,success,S45,5
Tibialis Anterior (%),1259,2807,1105,3534,6956,3422,success,S47,1
Gastrocnemius Medialis (%),1778,2807,1105,4991,9823,4832,success,S47,1
Gastrocnemius Lateralis (%),1778,2807,1105,4991,9823,4832,success,S47,1
Rectus Femoris (%),1259,2807,1105,3534,6956,3422,success,S47,1
Vastus Lateralis (%),1778,2807,1105,4991,9823,4832,success,S47,1
Vastus Medialis (%),1778,2807,1105,4991,9823,4832,success,S47,1
Semitendinosus (%),1259,2807,1105,3534,6956,3422,success,S47,1
Bicep Femoris (%),1259,2807,1105,3534,6956,3422,success,S47,1
Tibialis Anterior (%),1259,3082,1137,3880,7157,3277,success,S47,2
Gastrocnemius Medialis (%),1778,3082,1137,5480,10108,4628,success,S47,2
Gastrocnemius Lateralis (%),1778,3082,1137,5480,10108,4628,success,S47,2
Rectus Femoris (%),1259,3082,1137,3880,7157,3277,success,S47,2
Vastus Lateralis (%),1778,3082,1137,5480,10108,4628,success,S47,2
Vastus Medialis (%),1778,3082,1137,5480,10108,4628,success,S47,2
Semitendinosus (%),1259,3082,1137,3880,7157,3277,success,S47,2
Bicep Femoris (%),1259,3082,1137,3880,7157,3277,success,S47,2
Tibialis Anterior (%),1259,1642,1008,2067,6345,4278,success,S47,3
Gastrocnemius Medialis (%),1778,1642,1008,2919,8961,6042,success,S47,3
Gastrocnemius Lateralis (%),1778,1642,1008,2919,8961,6042,success,S47,3
Rectus Femoris (%),1259,1642,1008,2067,6345,4278,success,S47,3
Vastus Lateralis (%),1778,1642,1008,2919,8961,6042,success,S47,3
Vastus Medialis (%),1778,1642,1008,2919,8961,6042,success,S47,3
Semitendinosus (%),1259,1642,1008,2067,6345,4278,success,S47,3
Bicep Femoris (%),1259,1642,1008,2067,6345,4278,success,S47,3
Tibialis Anterior (%),1259,2246,948,2828,5968,3140,success,S47,4
Gastrocnemius Medialis (%),1778,2246,948,3993,8428,4435,success,S47,4
Gastrocnemius Lateralis (%),1778,2246,948,3993,8428,4435,success,S47,4
Rectus Femoris (%),1259,2246,948,2828,5968,3140,success,S47,4
Vastus Lateralis (%),1778,2246,948,3993,8428,4435,success,S47,4
Vastus Medialis (%),1778,2246,948,3993,8428,4435,success,S47,4
Semitendinosus (%),1259,2246,948,2828,5968,3140,success,S47,4
Bicep Femoris (%),1259,2246,948,2828,5968,3140,success,S47,4
Tibialis Anterior (%),1259,2409,956,3033,6018,2985,success,S47,5
Gastrocnemius Medialis (%),1778,2409,956,4283,8499,4216,success,S47,5
Gastrocnemius Lateralis (%),1778,2409,956,4283,8499,4216,success,S47,5
Rectus Femoris (%),1259,2409,956,3033,6018,2985,success,S47,5
Vastus Lateralis (%),1778,2409,956,4283,8499,4216,success,S47,5
Vastus Medialis (%),1778,2409,956,4283,8499,4216,success,S47,5
Semitendinosus (%),1259,2409,956,3033,6018,2985,success,S47,5
Bicep Femoris (%),1259,2409,956,3033,6018,2985,success,S47,5
Tibialis Anterior (%),1259,2099,983,2643,6188,3545,success,S48,1
Gastrocnemius Medialis (%),1778,2099,983,3732,8739,5007,success,S48,1
Gastrocnemius Lateralis (%),1778,2099,983,3732,8739,5007,success,S48,1
Rectus Femoris (%),1259,2099,983,2643,6188,3545,success,S48,1
Vastus Lateralis (%),1778,2099,983,3732,8739,5007,success,S48,1
Vastus Medialis (%),1778,2099,983,3732,8739,5007,success,S48,1
Semitendinosus (%),1259,2099,983,2643,6188,3545,success,S48,1
Bicep Femoris (%),1259,2099,983,2643,6188,3545,success,S48,1
Tibialis Anterior (%),1259,2142,977,2697,6150,3453,success,S48,2
Gastrocnemius Medialis (%),1778,2142,977,3808,8686,4878,success,S48,2
Gastrocnemius Lateralis (%),1778,2142,977,3808,8686,4878,success,S48,2
Rectus Femoris (%),1259,2142,977,2697,6150,3453,success,S48,2
Vastus Lateralis (%),1778,2142,977,3808,8686,4878,success,S48,2
Vastus Medialis (%),1778,2142,977,3808,8686,4878,success,S48,2
Semitendinosus (%),1259,2142,977,2697,6150,3453,success,S48,2
Bicep Femoris (%),1259,2142,977,2697,6150,3453,success,S48,2
Tibialis Anterior (%),1259,2137,960,2690,6043,3353,success,S48,3
Gastrocnemius Medialis (%),1778,2137,960,3800,8534,4734,success,S48,3
Gastrocnemius Lateralis (%),1778,2137,960,3800,8534,4734,success,S48,3
Rectus Femoris (%),1259,2137,960,2690,6043,3353,success,S48,3
Vastus Lateralis (%),1778,2137,960,3800,8534,4734,success,S48,3
Vastus Medialis (%),1778,2137,960,3800,8534,4734,success,S48,3
Semitendinosus (%),1259,2137,960,2690,6043,3353,success,S48,3
Bicep Femoris (%),1259,2137,960,2690,6043,3353,success,S48,3
Tibialis Anterior (%),1259,2009,1005,2529,6326,3797,success,S48,4
Gastrocnemius Medialis (%),1778,2009,1005,3572,8934,5362,success,S48,4
Gastrocnemius Lateralis (%),1778,2009,1005,3572,8934,5362,success,S48,4
Rectus Femoris (%),1259,2009,1005,2529,6326,3797,success,S48,4
Vastus Lateralis (%),1778,2009,1005,3572,8934,5362,success,S48,4
Vastus Medialis (%),1778,2009,1005,3572,8934,5362,success,S48,4
Semitendinosus (%),1259,2009,1005,2529,6326,3797,success,S48,4
Bicep Femoris (%),1259,2009,1005,2529,6326,3797,success,S48,4
Tibialis Anterior (%),1259,2011,911,2532,5735,3203,success,S48,5
Gastrocnemius Medialis (%),1778,2011,911,3576,8099,4523,success,S48,5
Gastrocnemius Lateralis (%),1778,2011,911,3576,8099,4523,success,S48,5
Rectus Femoris (%),1259,2011,911,2532,5735,3203,success,S48,5
Vastus Lateralis (%),1778,2011,911,3576,8099,4523,success,S48,5
Vastus Medialis (%),1778,2011,911,3576,8099,4523,success,S48,5
Semitendinosus (%),1259,2011,911,2532,5735,3203,success,S48,5
Bicep Femoris (%),1259,2011,911,2532,5735,3203,success,S48,5
Tibialis Anterior (%),1259,1790,980,2254,6169,3915,success,S49,1
Gastrocnemius Medialis (%),1778,1790,980,3183,8712,5529,success,S49,1
Gastrocnemius Lateralis (%),1778,1790,980,3183,8712,5529,success,S49,1
Rectus Femoris (%),1259,1790,980,2254,6169,3915,success,S49,1
Vastus Lateralis (%),1778,1790,980,3183,8712,5529,success,S49,1
Vastus Medialis (%),1778,1790,980,3183,8712,5529,success,S49,1
Semitendinosus (%),1259,1790,980,2254,6169,3915,success,S49,1
Bicep Femoris (%),1259,1790,980,2254,6169,3915,success,S49,1
Tibialis Anterior (%),1259,2071,954,2607,6005,3398,success,S49,2
Gastrocnemius Medialis (%),1778,2071,954,3682,8481,4799,success,S49,2
Gastrocnemius Lateralis (%),1778,2071,954,3682,8481,4799,success,S49,2
Rectus Femoris (%),1259,2071,954,2607,6005,3398,success,S49,2
Vastus Lateralis (%),1778,2071,954,3682,8481,4799,success,S49,2
Vastus Medialis (%),1778,2071,954,3682,8481,4799,success,S49,2
Semitendinosus (%),1259,2071,954,2607,6005,3398,success,S49,2
Bicep Femoris (%),1259,2071,954,2607,6005,3398,success,S49,2
Tibialis Anterior (%),1259,2218,983,2792,6188,3396,success,S49,3
Gastrocnemius Medialis (%),1778,2218,983,3944,8739,4795,success,S49,3
Gastrocnemius Lateralis (%),1778,2218,983,3944,8739,4795,success,S49,3
Rectus Femoris (%),1259,2218,983,2792,6188,3396,success,S49,3
Vastus Lateralis (%),1778,2218,983,3944,8739,4795,success,S49,3
Vastus Medialis (%),1778,2218,983,3944,8739,4795,success,S49,3
Semitendinosus (%),1259,2218,983,2792,6188,3396,success,S49,3
Bicep Femoris (%),1259,2218,983,2792,6188,3396,success,S49,3
Tibialis Anterior (%),1259,2511,985,3161,6201,3040,success,S49,4
Gastrocnemius Medialis (%),1778,2511,985,4465,8757,4292,success,S49,4
Gastrocnemius Lateralis (%),1778,2511,985,4465,8757,4292,success,S49,4
Rectus Femoris (%),1259,2511,985,3161,6201,3040,success,S49,4
Vastus Lateralis (%),1778,2511,985,4465,8757,4292,success,S49,4
Vastus Medialis (%),1778,2511,985,4465,8757,4292,success,S49,4
Semitendinosus (%),1259,2511,985,3161,6201,3040,success,S49,4
Bicep Femoris (%),1259,2511,985,3161,6201,3040,success,S49,4
Tibialis Anterior (%),1259,2526,967,3180,6087,2907,success,S49,5
Gastrocnemius Medialis (%),1778,2526,967,4491,8597,4106,success,S49,5
Gastrocnemius Lateralis (%),1778,2526,967,4491,8597,4106,success,S49,5
Rectus Femoris (%),1259,2526,967,3180,6087,2907,success,S49,5
Vastus Lateralis (%),1778,2526,967,4491,8597,4106,success,S49,5
Vastus Medialis (%),1778,2526,967,4491,8597,4106,success,S49,5
Semitendinosus (%),1259,2526,967,3180,6087,2907,success,S49,5
Bicep Femoris (%),1259,2526,967,3180,6087,2907,success,S49,5
Tibialis Anterior (%),1259,2008,1130,2528,7113,4585,success,S50,1
Gastrocnemius Medialis (%),1778,2008,1130,3570,10046,6476,success,S50,1
Gastrocnemius Lateralis (%),1778,2008,1130,3570,10046,6476,success,S50,1
Rectus Femoris (%),1259,2008,1130,2528,7113,4585,success,S50,1
Vastus Lateralis (%),1778,2008,1130,3570,10046,6476,success,S50,1
Vastus Medialis (%),1778,2008,1130,3570,10046,6476,success,S50,1
Semitendinosus (%),1259,2008,1130,2528,7113,4585,success,S50,1
Bicep Femoris (%),1259,2008,1130,2528,7113,4585,success,S50,1
Tibialis Anterior (%),1259,2955,1290,3720,8121,4401,success,S50,2
Gastrocnemius Medialis (%),1778,2955,1290,5254,11468,6214,success,S50,2
Gastrocnemius Lateralis (%),1778,2955,1290,5254,11468,6214,success,S50,2
Rectus Femoris (%),1259,2955,1290,3720,8121,4401,success,S50,2
Vastus Lateralis (%),1778,2955,1290,5254,11468,6214,success,S50,2
Vastus Medialis (%),1778,2955,1290,5254,11468,6214,success,S50,2
Semitendinosus (%),1259,2955,1290,3720,8121,4401,success,S50,2
Bicep Femoris (%),1259,2955,1290,3720,8121,4401,success,S50,2
Tibialis Anterior (%),1259,1135,1216,1429,7655,6226,success,S50,3
Gastrocnemius Medialis (%),1778,1135,1216,2018,10810,8792,success,S50,3
Gastrocnemius Lateralis (%),1778,1135,1216,2018,10810,8792,success,S50,3
Rectus Femoris (%),1259,1135,1216,1429,7655,6226,success,S50,3
Vastus Lateralis (%),1778,1135,1216,2018,10810,8792,success,S50,3
Vastus Medialis (%),1778,1135,1216,2018,10810,8792,success,S50,3
Semitendinosus (%),1259,1135,1216,1429,7655,6226,success,S50,3
Bicep Femoris (%),1259,1135,1216,1429,7655,6226,success,S50,3
Tibialis Anterior (%),1259,969,1230,1220,7743,6523,success,S50,4
Gastrocnemius Medialis (%),1778,969,1230,1723,10935,9212,success,S50,4
Gastrocnemius Lateralis (%),1778,969,1230,1723,10935,9212,success,S50,4
Rectus Femoris (%),1259,969,1230,1220,7743,6523,success,S50,4
Vastus Lateralis (%),1778,969,1230,1723,10935,9212,success,S50,4
Vastus Medialis (%),1778,969,1230,1723,10935,9212,success,S50,4
Semitendinosus (%),1259,969,1230,1220,7743,6523,success,S50,4
Bicep Femoris (%),1259,969,1230,1220,7743,6523,success,S50,4
Tibialis Anterior (%),1259,1144,1161,1440,7308,5868,success,S50,5
Gastrocnemius Medialis (%),1778,1144,1161,2034,10321,8287,success,S50,5
Gastrocnemius Lateralis (%),1778,1144,1161,2034,10321,8287,success,S50,5
Rectus Femoris (%),1259,1144,1161,1440,7308,5868,success,S50,5
Vastus Lateralis (%),1778,1144,1161,2034,10321,8287,success,S50,5
Vastus Medialis (%),1778,1144,1161,2034,10321,8287,success,S50,5
Semitendinosus (%),1259,1144,1161,1440,7308,5868,success,S50,5
Bicep Femoris (%),1259,1144,1161,1440,7308,5868,success,S50,5
Tibialis Anterior (%),1259,2408,1113,3032,7006,3974,success,S51,2
Gastrocnemius Medialis (%),1778,2408,1113,4281,9895,5614,success,S51,2
Gastrocnemius Lateralis (%),1778,2408,1113,4281,9895,5614,success,S51,2
Rectus Femoris (%),1259,2408,1113,3032,7006,3974,success,S51,2
Vastus Lateralis (%),1778,2408,1113,4281,9895,5614,success,S51,2
Vastus Medialis (%),1778,2408,1113,4281,9895,5614,success,S51,2
Semitendinosus (%),1259,2408,1113,3032,7006,3974,success,S51,2
Bicep Femoris (%),1259,2408,1113,3032,7006,3974,success,S51,2
Tibialis Anterior (%),1259,1934,1198,2435,7541,5106,success,S51,4
Gastrocnemius Medialis (%),1778,1934,1198,3439,10650,7211,success,S51,4
Gastrocnemius Lateralis (%),1778,1934,1198,3439,10650,7211,success,S51,4
Rectus Femoris (%),1259,1934,1198,2435,7541,5106,success,S51,4
Vastus Lateralis (%),1778,1934,1198,3439,10650,7211,success,S51,4
Vastus Medialis (%),1778,1934,1198,3439,10650,7211,success,S51,4
Semitendinosus (%),1259,1934,1198,2435,7541,5106,success,S51,4
Bicep Femoris (%),1259,1934,1198,2435,7541,5106,success,S51,4
Tibialis Anterior (%),1259,2500,1248,3148,7856,4708,success,S51,5
Gastrocnemius Medialis (%),1778,2500,1248,4445,11095,6650,success,S51,5
Gastrocnemius Lateralis (%),1778,2500,1248,4445,11095,6650,success,S51,5
Rectus Femoris (%),1259,2500,1248,3148,7856,4708,success,S51,5
Vastus Lateralis (%),1778,2500,1248,4445,11095,6650,success,S51,5
Vastus Medialis (%),1778,2500,1248,4445,11095,6650,success,S51,5
Semitendinosus (%),1259,2500,1248,3148,7856,4708,success,S51,5
Bicep Femoris (%),1259,2500,1248,3148,7856,4708,success,S51,5
Tibialis Anterior (%),1259,1759,908,2215,5716,3501,success,S54,1
Gastrocnemius Medialis (%),1778,1759,908,3128,8072,4944,success,S54,1
Gastrocnemius Lateralis (%),1778,1759,908,3128,8072,4944,success,S54,1
Rectus Femoris (%),1259,1759,908,2215,5716,3501,success,S54,1
Vastus Lateralis (%),1778,1759,908,3128,8072,4944,success,S54,1
Vastus Medialis (%),1778,1759,908,3128,8072,4944,success,S54,1
Semitendinosus (%),1259,1759,908,2215,5716,3501,success,S54,1
Bicep Femoris (%),1259,1759,908,2215,5716,3501,success,S54,1
Tibialis Anterior (%),1259,1280,1081,1612,6805,5193,success,S54,2
Gastrocnemius Medialis (%),1778,1280,1081,2276,9610,7334,success,S54,2
Gastrocnemius Lateralis (%),1778,1280,1081,2276,9610,7334,success,S54,2
Rectus Femoris (%),1259,1280,1081,1612,6805,5193,success,S54,2
Vastus Lateralis (%),1778,1280,1081,2276,9610,7334,success,S54,2
Vastus Medialis (%),1778,1280,1081,2276,9610,7334,success,S54,2
Semitendinosus (%),1259,1280,1081,1612,6805,5193,success,S54,2
Bicep Femoris (%),1259,1280,1081,1612,6805,5193,success,S54,2
Tibialis Anterior (%),1259,987,1299,1243,8177,6934,success,S54,3
Gastrocnemius Medialis (%),1778,987,1299,1755,11548,9793,success,S54,3
Gastrocnemius Lateralis (%),1778,987,1299,1755,11548,9793,success,S54,3
Rectus Femoris (%),1259,987,1299,1243,8177,6934,success,S54,3
Vastus Lateralis (%),1778,987,1299,1755,11548,9793,success,S54,3
Vastus Medialis (%),1778,987,1299,1755,11548,9793,success,S54,3
Semitendinosus (%),1259,987,1299,1243,8177,6934,success,S54,3
Bicep Femoris (%),1259,987,1299,1243,8177,6934,success,S54,3
Tibialis Anterior (%),1259,2541,1230,3199,7743,4544,success,S54,4
Gastrocnemius Medialis (%),1778,2541,1230,4518,10935,6417,success,S54,4
Gastrocnemius Lateralis (%),1778,2541,1230,4518,10935,6417,success,S54,4
Rectus Femoris (%),1259,2541,1230,3199,7743,4544,success,S54,4
Vastus Lateralis (%),1778,2541,1230,4518,10935,6417,success,S54,4
Vastus Medialis (%),1778,2541,1230,4518,10935,6417,success,S54,4
Semitendinosus (%),1259,2541,1230,3199,7743,4544,success,S54,4
Bicep Femoris (%),1259,2541,1230,3199,7743,4544,success,S54,4
Tibialis Anterior (%),1259,2664,1224,3354,7705,4351,success,S54,5
Gastrocnemius Medialis (%),1778,2664,1224,4737,10881,6144,success,S54,5
Gastrocnemius Lateralis (%),1778,2664,1224,4737,10881,6144,success,S54,5
Rectus Femoris (%),1259,2664,1224,3354,7705,4351,success,S54,5
Vastus Lateralis (%),1778,2664,1224,4737,10881,6144,success,S54,5
Vastus Medialis (%),1778,2664,1224,4737,10881,6144,success,S54,5
Semitendinosus (%),1259,2664,1224,3354,7705,4351,success,S54,5
Bicep Femoris (%),1259,2664,1224,3354,7705,4351,success,S54,5
Tibialis Anterior (%),1259,2594,1028,3266,6471,3205,success,S55,1
Gastrocnemius Medialis (%),1778,2594,1028,4612,9139,4527,success,S55,1
Gastrocnemius Lateralis (%),1778,2594,1028,4612,9139,4527,success,S55,1
Rectus Femoris (%),1259,2594,1028,3266,6471,3205,success,S55,1
Vastus Lateralis (%),1778,2594,1028,4612,9139,4527,success,S55,1
Vastus Medialis (%),1778,2594,1028,4612,9139,4527,success,S55,1
Semitendinosus (%),1259,2594,1028,3266,6471,3205,success,S55,1
Bicep Femoris (%),1259,2594,1028,3266,6471,3205,success,S55,1
Tibialis Anterior (%),1259,2632,1082,3314,6811,3497,success,S55,2
Gastrocnemius Medialis (%),1778,2632,1082,4680,9619,4939,success,S55,2
Gastrocnemius Lateralis (%),1778,2632,1082,4680,9619,4939,success,S55,2
Rectus Femoris (%),1259,2632,1082,3314,6811,3497,success,S55,2
Vastus Lateralis (%),1778,2632,1082,4680,9619,4939,success,S55,2
Vastus Medialis (%),1778,2632,1082,4680,9619,4939,success,S55,2
Semitendinosus (%),1259,2632,1082,3314,6811,3497,success,S55,2
Bicep Femoris (%),1259,2632,1082,3314,6811,3497,success,S55,2
Tibialis Anterior (%),1259,2952,1117,3717,7032,3315,success,S55,3
Gastrocnemius Medialis (%),1778,2952,1117,5249,9930,4681,success,S55,3
Gastrocnemius Lateralis (%),1778,2952,1117,5249,9930,4681,success,S55,3
Rectus Femoris (%),1259,2952,1117,3717,7032,3315,success,S55,3
Vastus Lateralis (%),1778,2952,1117,5249,9930,4681,success,S55,3
Vastus Medialis (%),1778,2952,1117,5249,9930,4681,success,S55,3
Semitendinosus (%),1259,2952,1117,3717,7032,3315,success,S55,3
Bicep Femoris (%),1259,2952,1117,3717,7032,3315,success,S55,3
Tibialis Anterior (%),1259,3065,1166,3859,7340,3481,success,S55,5
Gastrocnemius Medialis (%),1778,3065,1166,5450,10366,4916,success,S55,5
Gastrocnemius Lateralis (%),1778,3065,1166,5450,10366,4916,success,S55,5
Rectus Femoris (%),1259,3065,1166,3859,7340,3481,success,S55,5
Vastus Lateralis (%),1778,3065,1166,5450,10366,4916,success,S55,5
Vastus Medialis (%),1778,3065,1166,5450,10366,4916,success,S55,5
Semitendinosus (%),1259,3065,1166,3859,7340,3481,success,S55,5
Bicep Femoris (%),1259,3065,1166,3859,7340,3481,success,S55,5
Tibialis Anterior (%),1259,2829,1088,3562,6849,3287,success,S56,4
Gastrocnemius Medialis (%),1778,2829,1088,5030,9672,4642,success,S56,4
Gastrocnemius Lateralis (%),1778,2829,1088,5030,9672,4642,success,S56,4
Rectus Femoris (%),1259,2829,1088,3562,6849,3287,success,S56,4
Vastus Lateralis (%),1778,2829,1088,5030,9672,4642,success,S56,4
Vastus Medialis (%),1778,2829,1088,5030,9672,4642,success,S56,4
Semitendinosus (%),1259,2829,1088,3562,6849,3287,success,S56,4
Bicep Femoris (%),1259,2829,1088,3562,6849,3287,success,S56,4
Tibialis Anterior (%),1259,939,895,1182,5634,4452,success,S57,1
Gastrocnemius Medialis (%),1778,939,895,1670,7957,6287,success,S57,1
Gastrocnemius Lateralis (%),1778,939,895,1670,7957,6287,success,S57,1
Rectus Femoris (%),1259,939,895,1182,5634,4452,success,S57,1
Vastus Lateralis (%),1778,939,895,1670,7957,6287,success,S57,1
Vastus Medialis (%),1778,939,895,1670,7957,6287,success,S57,1
Semitendinosus (%),1259,939,895,1182,5634,4452,success,S57,1
Bicep Femoris (%),1259,939,895,1182,5634,4452,success,S57,1
Tibialis Anterior (%),1259,2256,984,2840,6194,3354,success,S57,2
Gastrocnemius Medialis (%),1778,2256,984,4011,8748,4737,success,S57,2
Gastrocnemius Lateralis (%),1778,2256,984,4011,8748,4737,success,S57,2
Rectus Femoris (%),1259,2256,984,2840,6194,3354,success,S57,2
Vastus Lateralis (%),1778,2256,984,4011,8748,4737,success,S57,2
Vastus Medialis (%),1778,2256,984,4011,8748,4737,success,S57,2
Semitendinosus (%),1259,2256,984,2840,6194,3354,success,S57,2
Bicep Femoris (%),1259,2256,984,2840,6194,3354,success,S57,2
Tibialis Anterior (%),1259,1292,940,1627,5917,4290,success,S57,3
Gastrocnemius Medialis (%),1778,1292,940,2297,8357,6060,success,S57,3
Gastrocnemius Lateralis (%),1778,1292,940,2297,8357,6060,success,S57,3
Rectus Femoris (%),1259,1292,940,1627,5917,4290,success,S57,3
Vastus Lateralis (%),1778,1292,940,2297,8357,6060,success,S57,3
Vastus Medialis (%),1778,1292,940,2297,8357,6060,success,S57,3
Semitendinosus (%),1259,1292,940,1627,5917,4290,success,S57,3
Bicep Femoris (%),1259,1292,940,1627,5917,4290,success,S57,3
Tibialis Anterior (%),1259,2238,937,2818,5898,3080,success,S57,4
Gastrocnemius Medialis (%),1778,2238,937,3979,8330,4351,success,S57,4
Gastrocnemius Lateralis (%),1778,2238,937,3979,8330,4351,success,S57,4
Rectus Femoris (%),1259,2238,937,2818,5898,3080,success,S57,4
Vastus Lateralis (%),1778,2238,937,3979,8330,4351,success,S57,4
Vastus Medialis (%),1778,2238,937,3979,8330,4351,success,S57,4
Semitendinosus (%),1259,2238,937,2818,5898,3080,success,S57,4
Bicep Femoris (%),1259,2238,937,2818,5898,3080,success,S57,4
Tibialis Anterior (%),1259,2912,1072,3666,6748,3082,success,S57,5
Gastrocnemius Medialis (%),1778,2912,1072,5178,9530,4352,success,S57,5
Gastrocnemius Lateralis (%),1778,2912,1072,5178,9530,4352,success,S57,5
Rectus Femoris (%),1259,2912,1072,3666,6748,3082,success,S57,5
Vastus Lateralis (%),1778,2912,1072,5178,9530,4352,success,S57,5
Vastus Medialis (%),1778,2912,1072,5178,9530,4352,success,S57,5
Semitendinosus (%),1259,2912,1072,3666,6748,3082,success,S57,5
Bicep Femoris (%),1259,2912,1072,3666,6748,3082,success,S57,5
Tibialis Anterior (%),1259,2674,1030,3367,6484,3117,success,S63,1
Gastrocnemius Medialis (%),1778,2674,1030,4754,9157,4403,success,S63,1
Gastrocnemius Lateralis (%),1778,2674,1030,4754,9157,4403,success,S63,1
Rectus Femoris (%),1259,2674,1030,3367,6484,3117,success,S63,1
Vastus Lateralis (%),1778,2674,1030,4754,9157,4403,success,S63,1
Vastus Medialis (%),1778,2674,1030,4754,9157,4403,success,S63,1
Semitendinosus (%),1259,2674,1030,3367,6484,3117,success,S63,1
Bicep Femoris (%),1259,2674,1030,3367,6484,3117,success,S63,1
Tibialis Anterior (%),1259,2329,966,2932,6081,3149,success,S63,2
Gastrocnemius Medialis (%),1778,2329,966,4141,8588,4447,success,S63,2
Gastrocnemius Lateralis (%),1778,2329,966,4141,8588,4447,success,S63,2
Rectus Femoris (%),1259,2329,966,2932,6081,3149,success,S63,2
Vastus Lateralis (%),1778,2329,966,4141,8588,4447,success,S63,2
Vastus Medialis (%),1778,2329,966,4141,8588,4447,success,S63,2
Semitendinosus (%),1259,2329,966,2932,6081,3149,success,S63,2
Bicep Femoris (%),1259,2329,966,2932,6081,3149,success,S63,2
Tibialis Anterior (%),1259,2814,1044,3543,6572,3029,success,S63,3
Gastrocnemius Medialis (%),1778,2814,1044,5003,9281,4278,success,S63,3
Gastrocnemius Lateralis (%),1778,2814,1044,5003,9281,4278,success,S63,3
Rectus Femoris (%),1259,2814,1044,3543,6572,3029,success,S63,3
Vastus Lateralis (%),1778,2814,1044,5003,9281,4278,success,S63,3
Vastus Medialis (%),1778,2814,1044,5003,9281,4278,success,S63,3
Semitendinosus (%),1259,2814,1044,3543,6572,3029,success,S63,3
Bicep Femoris (%),1259,2814,1044,3543,6572,3029,success,S63,3
Tibialis Anterior (%),1259,2444,958,3077,6031,2954,success,S63,4
Gastrocnemius Medialis (%),1778,2444,958,4345,8517,4172,success,S63,4
Gastrocnemius Lateralis (%),1778,2444,958,4345,8517,4172,success,S63,4
Rectus Femoris (%),1259,2444,958,3077,6031,2954,success,S63,4
Vastus Lateralis (%),1778,2444,958,4345,8517,4172,success,S63,4
Vastus Medialis (%),1778,2444,958,4345,8517,4172,success,S63,4
Semitendinosus (%),1259,2444,958,3077,6031,2954,success,S63,4
Bicep Femoris (%),1259,2444,958,3077,6031,2954,success,S63,4
Tibialis Anterior (%),1259,2608,973,3283,6125,2842,success,S63,5
Gastrocnemius Medialis (%),1778,2608,973,4637,8650,4013,success,S63,5
Gastrocnemius Lateralis (%),1778,2608,973,4637,8650,4013,success,S63,5
Rectus Femoris (%),1259,2608,973,3283,6125,2842,success,S63,5
Vastus Lateralis (%),1778,2608,973,4637,8650,4013,success,S63,5
Vastus Medialis (%),1778,2608,973,4637,8650,4013,success,S63,5
Semitendinosus (%),1259,2608,973,3283,6125,2842,success,S63,5
Bicep Femoris (%),1259,2608,973,3283,6125,2842,success,S63,5
